subject,sex,age,bmi,weight_kg,desired_setpoints_c,reported_setpoints_c
7,0,23,21.23,51.0,24;24;25;24;24;24;24;24;24;24;24;24;24;23;24;24;24;24;24;24,24;24;25;24;24;NA;NA;NA;24;24;24;24;24;NA;NA;24;24;24;24;24
12,1,21,21.6,70.0,24;24;24;24;24;24;24;24;24;24;24;24;24;24;24;24;24;24;24;24,24;24;24;24;24;24;24;24;24;24;24;24;24;24;24;24;24;24;24;24
14,0,25,19.15,56.0,21;21;21;23;23;23;23;22.5;23;23;21.5;22;22;20;21;22;22;22.5;21;22,21;21;21;23;23;NA;NA;NA;NA;23;21.5;22;22;NA;21;NA;NA;NA;NA;22
15,0,20,18.96,51.0,24;24;24;24;24;24;24;24;24;24;24;24;24;24;24;24;24;25;25;25,24;24;24;24;24;24;24;24;24;24;24;24;24;24;24;NA;NA;NA;25;25
18,1,24,22.39,67.0,19;20;19;19;19;18;18;19;19;19;20;20;20;19;18;18;19;19;19;19,19;20;19;19;19;18;18;19;19;19;20;20;20;19;18;18;19;19;19;19
19,1,27,25.76,78.0,20;20;23;22;22;21;21;22;24;22;24;24;26;22;24;23;24;25;25;26,20;20;23;NA;22;NA;NA;22;24;22;24;24;26;NA;NA;NA;24;25;25;26
20,1,19,23.94,70.0,23;24;25;25;25;25;24;25;24;24;25;25;25;25;25;25;25;25;25;25,23;24;25;25;25;25;24;25;24;24;25;25;25;25;25;25;25;25;25;25
23,0,27,20.57,56.0,20;20;20;22;23;23;24;24;24;24;24;24;24;24;24;25;25;25;24;24,20;20;20;22;23;23;24;24;24;24;24;24;24;24;24;25;25;25;24;24
24,0,25,15.82,38.0,20;21;21;21;23;23;23;24;25;25;25;25;25;25;25;25;25;25;26;25,20;21;21;21;23;23;23;24;25;25;25;25;25;25;25;25;25;25;26;25
26,1,23,31.89,90.0,24;24;25;26;26;22;21;23;22;25;25;26;26;24;24;25;25;26;24;24,24;24;25;26;26;22;21;NA;NA;25;25;26;26;24;24;25;25;26;24;NA
30,0,28,22.89,55.0,25;25;24;24;24;24;25;25;25;24;25;25;25;25;25;25;25;25;25;25,25;25;24;24;24;24;25;25;25;24;25;25;25;25;25;25;25;25;25;25
33,1,24,29.03,93.0,22;22;21;23;24;20;21;20;23;24;25;25;25;23;24;24;25;25;25;25,22;22;NA;23;24;20;21;20;23;24;25;25;25;23;24;24;25;25;25;25
34,1,21,26.06,78.0,25;23;23;23;23;22;23;23;24;23;24;25;25;22;24;23;23;24;23;25,NA;23;23;NA;23;NA;23;NA;NA;23;24;25;25;NA;NA;NA;NA;24;23;25
37,0,22,20.31,52.0,23;23;23;24;24;24;24;24;24;24;25;25;24;25;25;24;24;24;24;23,23;23;23;24;24;NA;NA;NA;24;24;NA;NA;NA;NA;NA;24;24;24;24;NA
39,0,23,21.34,56.0,24;25;25;26;25;25;25;25;26;24;24;24;24;25;25;26;26;26;25;24,NA;25;25;26;25;25;25;25;NA;NA;NA;NA;NA;25;25;26;26;26;25;NA
40,0,20,20.7,55.0,23;24;24;24;24;24;24;24;24;24;24;24;24;24;24;24;24;24;24;24,23;24;24;24;24;24;24;24;24;24;24;24;24;24;24;24;24;24;24;24
41,1,28,28.08,93.0,24;22;22;20;20;20;20;18;22;22;22;22;22;22;22;20;20;20;22;22,24;22;22;20;20;20;20;18;22;22;22;22;22;22;22;20;20;20;22;22
43,1,23,26.49,83.0,24;25;25;25;26;24;25;25;26;26;26;26;26;26;25;27;26;26;26;26,24;25;25;25;26;24;25;25;26;26;26;26;26;26;25;27;26;26;26;26
44,1,25,33.46,99.0,21;21;21;22;22;21;21;21;21;21;21;21;21;21;21;25;24;24;24;24,21;21;21;22;22;21;21;21;21;21;21;21;21;21;21;25;24;24;24;24
46,0,23,19.1,52.0,26;26;26;25;25;26;26;26;27;27;27;28;27;27;27;27;27;26;25;27,26;26;26;25;25;26;26;26;27;27;27;28;27;27;27;27;27;NA;NA;27
48,0,25,21.67,59.0,27;27;27;27;26;27;26;26;25;23;26;26;27;27;27;26;26;26;24;27,27;27;27;NA;NA;NA;NA;NA;NA;NA;NA;NA;NA;NA;27;26;26;26;NA;NA
50,1,26,20.15,61.0,25;25;25;25;25;23;22;23;24;25;24;24;25;24;24;24;24;24;24;23,25;25;25;25;25;23;22;23;24;25;24;24;25;24;24;24;24;24;24;23
51,1,25,20.2,57.0,23;23;24;23;23;24;23;24;24;24;23;24;24;23;24;24;24;24;24;24,23;23;24;23;23;24;23;24;24;24;23;24;24;23;24;24;24;24;24;24
53,0,21,20.69,57.0,23;24;23;22;22;23;23;24;24;21;22;22;22;22;23;22;23;23;22;23,23;24;23;22;22;23;23;24;24;21;22;22;22;22;23;22;23;23;22;23
54,0,23,20.45,55.0,24;24;25;25;25;25;25;25;24;25;27;27;26;24;25;25;25;25;27;30,NA;NA;NA;25;25;25;25;25;24;NA;NA;NA;NA;NA;25;25;25;25;27;30
55,0,22,19.61,58.0,23;23;24;25;25;26;26;26;26;26;26;26;26;26;26;26;26;26;26;26,23;23;24;25;25;26;26;26;26;26;26;26;26;26;26;26;26;26;26;26
57,1,23,26.33,77.0,23;23;23;23;22;22;22;22;23;22;23;22;22;23;23;23;23;23;24;24,23;23;23;23;22;22;22;22;23;22;23;22;22;23;23;23;23;23;24;24
58,1,27,26.06,78.0,23;23;23;23;22;22;23;22;23;23;22;24;21;21;22;23;23;23;23;22,23;23;23;23;22;22;23;22;23;23;22;NA;21;21;22;23;23;23;23;22
61,0,25,19.05,50.0,24;25;26;26;26;26;25;25;26;26;26;26;26;26;26;26;26;26;26;26,24;25;26;26;26;26;25;25;26;26;26;26;26;26;26;26;26;26;26;26
62,0,21,21.45,62.0,25;25;25;25;25;26;26;26;25;25;25;25;25;25;25;25;25;25;25;25,25;25;25;25;25;26;26;26;25;25;25;25;25;25;25;25;25;25;25;25
65,1,21,24.49,75.0,20;21;23;24;24;24;26;25;24;25;25;25;24;24;25;25;25;25;25;25,20;21;23;24;24;24;26;25;24;25;25;25;24;24;25;25;25;25;25;25
67,1,24,20.9,70.0,20;20;20;20;20;22;20;20;22;20;20;20;20;23;22;22;22;22;22;22,20;20;20;20;20;22;20;20;22;20;20;20;20;NA;22;22;22;22;22;22
68,1,26,21.31,66.0,26;26;26;26;26;26;26;27;26;26;26;26;26;26;26;26;26;26;26;26,26;26;26;26;26;26;26;27;26;26;26;26;26;26;26;26;26;26;26;26
71,0,23,19.53,50.0,22;23;22;22;23;24;24;25;25;22;23;23;25;24;24;23;23;23;22;22,22;NA;NA;22;23;24;24;25;NA;NA;23;23;NA;NA;NA;NA;NA;NA;NA;NA
72,0,23,19.05,50.0,25;25;25;25;25;25;25;25;25;25;25;25;25;24;25;26;26;26;25;25,25;25;25;25;25;NA;25;25;25;25;25;25;25;NA;NA;NA;NA;NA;NA;NA
73,1,26,28.04,82.0,23;23;23;23;23;23;23;23;23;23;23;23;23;23;23;23;23;23;23;23,23;23;23;23;23;23;23;23;23;23;23;23;23;23;23;23;23;23;23;23
75,1,22,18.37,50.0,22;22;22;22;22;25;25;25;25;25;25;25;25;25;25;25;25;25;25;26,22;22;22;22;22;25;25;25;25;25;25;25;25;25;25;25;25;25;25;26
76,1,24,21.13,70.0,25;25;27;25;24;26;26;26;26;26;24;24;24;25;26;26;26;26;26;25,25;25;27;25;24;26;26;26;26;26;24;24;24;25;26;26;26;26;26;25
78,0,23,22.96,61.0,25;25;25;24;24;24;24;24;25;25;25;25;25;24;24;25;25;25;25;25,25;25;25;24;24;24;24;24;25;25;25;25;25;24;24;25;25;25;25;25
80,0,20,22.04,60.0,22;22;22;22;21;21;21;22;21;21;22;23;22;23;23;23;23;23;23;22,22;22;22;22;21;21;21;22;21;21;22;23;22;23;23;23;23;23;23;22
81,1,25,21.47,65.0,21;22;21;21;20;21;20;20;21;21;23;23;23;22;21;20;20;20;21;21,21;22;21;21;20;21;20;20;21;21;23;23;23;22;21;20;20;20;21;21
82,1,30,24.34,78.0,23;23;21;22;24;25;25;25;24;24;24;25;25;24;25;24;24;25;25;25,23;23;21;22;24;25;25;25;24;24;24;25;25;24;25;24;24;25;25;25
83,1,26,22.41,64.0,23;23;22;22;22;22;22;22;23;23;23;22;22;23;23;23;23;23;22;22,23;23;22;22;22;22;22;22;23;23;23;22;22;23;23;23;23;23;22;22
84,1,22,20.83,66.0,23;22;21;22;21;21;21;21;21;21;21;21;21;22;23;24;24;24;24;23,23;22;21;22;21;21;21;21;21;21;21;21;21;22;23;24;24;24;24;23
87,0,22,18.07,48.0,26;26;27;25;24;24;23;24;25;25;25;26;25;24;24;25;25;25;26;26,26;26;27;25;24;24;23;24;25;25;25;26;25;24;24;25;25;25;26;26
89,1,21,22.16,71.0,25;24;23;24;25;25;26;25;25;25;26;26;26;25;25;25;26;26;26;26,25;24;23;24;25;25;26;25;25;25;26;26;26;25;25;25;26;26;26;26
90,1,33,26.22,74.0,22;22;23;22;22;24;23;23;23;23;23;24;24;24;23;24;23;24;24;24,22;22;23;22;22;24;23;23;23;23;23;24;24;24;23;24;23;24;24;24
94,0,20,24.22,62.0,26;26;27;27;27;27;28;28;28;27;27;28;28;27;29;30;30;30;28;28,26;26;27;27;27;27;28;28;28;27;27;28;28;NA;NA;NA;NA;NA;NA;28
97,1,27,21.55,66.0,25;24;24;25;25;25;25;25;25;25;25;25;25;25;25;25;25;25;25;25,25;24;24;25;25;25;25;25;25;25;25;25;25;25;25;25;25;25;25;25
98,1,21,26.79,83.0,24;24;20;21;20;20;22;20;24;24;24;24;24;24;24;24;25;24;24;24,24;24;20;21;20;20;22;20;24;24;24;24;24;24;24;24;25;24;24;24
99,1,27,24.61,67.0,25;26;26;26;26;24;24;24;24;25;24;24;24;25;25;24;24;24;24;24,25;26;26;26;26;24;24;24;24;25;24;24;24;25;25;24;24;24;24;24
103,0,24,22.94,58.0,25;26;26;25;22;25;25;25;24;25;25;25;25;25;25;25;25;25;26;27,25;NA;NA;NA;NA;25;25;25;24;25;NA;25;25;25;25;25;25;25;NA;NA
104,0,29,18.83,47.0,23;23;23;25;23;25;26;26;26;26;26;26;26;25;25;27;27;27;27;26,NA;NA;NA;NA;23;25;26;26;26;26;26;26;26;NA;25;27;27;27;27;26
108,1,22,19.0,53.0,25;25;25;25;25;25;25;25;25;25;25;25;25;25;25;25;26;26;25;25,25;25;25;25;25;25;25;25;25;25;25;25;25;25;25;25;26;26;25;25
110,0,21,18.99,48.0,21;21;20;21;22;21;22;22;22;22;22;22;22;22;22;22;22;22;23;22,21;21;20;21;22;21;22;22;22;22;22;22;22;22;22;22;22;22;23;22
112,0,20,18.96,51.0,22;21;21;21;21;24;24;24;26;26;24;24;24;24;24;24;25;26;24;24,22;21;21;21;21;24;24;24;26;26;24;24;24;24;24;24;NA;NA;24;24
113,1,25,23.78,72.0,26;26;26;26;26;26;26;26;26;26;27;27;27;26;26;25;24;25;25;26,26;26;26;26;26;26;26;26;26;26;27;27;27;26;26;25;24;25;25;26
116,1,24,28.09,89.0,25;25;25;25;25;25;25;25;25;25;25;25;25;25;25;25;25;25;25;25,25;25;25;25;25;25;25;25;25;25;25;25;25;25;25;25;25;25;25;25
119,0,27,19.2,51.0,24;24;24;24;24;24;24;25;24;24;24;24;24;24;24;24;24;24;25;25,24;24;24;24;24;24;24;25;24;24;24;24;24;24;24;24;24;24;25;25
122,1,33,25.54,80.0,20;21;21;23;22;22;21;22;22;22;22;22;22;22;22;22;22;22;22;22,20;21;21;23;22;22;21;22;22;22;22;22;22;22;22;22;22;22;22;22
123,1,26,17.78,52.0,22;22;22;23;23;23;23;23;23;23;24;24;24;23;24;24;24;24;24;24,22;22;22;23;23;23;23;23;23;23;24;24;24;23;24;24;24;24;24;24
126,0,22,19.6,54.0,24;24;24;23;24;24;22;24;22;24;22;22;24;25;24;25;24;26;25;23,24;24;24;23;24;24;22;24;22;24;22;22;24;25;24;25;24;26;25;23
