row_id	no	env_pair	feature_window	sex	age	BMI	weight
120	7	CD	1-1	0	23	21.23	51
121	7	CD	1-5	0	23	21.23	51
122	7	CD	6-10	0	23	21.23	51
123	7	CD	11-15	0	23	21.23	51
124	7	CD	16-20	0	23	21.23	51
125	7	GH	1-1	0	23	21.23	51
126	7	GH	1-5	0	23	21.23	51
127	7	GH	6-10	0	23	21.23	51
128	7	GH	11-15	0	23	21.23	51
129	7	GH	16-20	0	23	21.23	51
130	7	EF	1-1	0	23	21.23	51
131	7	EF	1-5	0	23	21.23	51
132	7	EF	6-10	0	23	21.23	51
133	7	EF	11-15	0	23	21.23	51
134	7	EF	16-20	0	23	21.23	51
135	7	AB	1-1	0	23	21.23	51
136	7	AB	1-5	0	23	21.23	51
137	7	AB	6-10	0	23	21.23	51
138	7	AB	11-15	0	23	21.23	51
139	7	AB	16-20	0	23	21.23	51
220	12	CD	1-1	1	21	21.6	70
221	12	CD	1-5	1	21	21.6	70
222	12	CD	6-10	1	21	21.6	70
223	12	CD	11-15	1	21	21.6	70
224	12	CD	16-20	1	21	21.6	70
225	12	AB	1-1	1	21	21.6	70
226	12	AB	1-5	1	21	21.6	70
227	12	AB	6-10	1	21	21.6	70
228	12	AB	11-15	1	21	21.6	70
229	12	AB	16-20	1	21	21.6	70
230	12	GH	1-1	1	21	21.6	70
231	12	GH	1-5	1	21	21.6	70
232	12	GH	6-10	1	21	21.6	70
233	12	GH	11-15	1	21	21.6	70
234	12	GH	16-20	1	21	21.6	70
235	12	EF	1-1	1	21	21.6	70
236	12	EF	1-5	1	21	21.6	70
237	12	EF	6-10	1	21	21.6	70
238	12	EF	11-15	1	21	21.6	70
239	12	EF	16-20	1	21	21.6	70
260	14	GH	1-1	0	25	19.15	56
261	14	GH	1-5	0	25	19.15	56
262	14	GH	6-10	0	25	19.15	56
263	14	GH	11-15	0	25	19.15	56
264	14	GH	16-20	0	25	19.15	56
265	14	EF	1-1	0	25	19.15	56
266	14	EF	1-5	0	25	19.15	56
267	14	EF	6-10	0	25	19.15	56
268	14	EF	11-15	0	25	19.15	56
269	14	EF	16-20	0	25	19.15	56
270	14	CD	1-1	0	25	19.15	56
271	14	CD	1-5	0	25	19.15	56
272	14	CD	6-10	0	25	19.15	56
273	14	CD	11-15	0	25	19.15	56
274	14	CD	16-20	0	25	19.15	56
275	14	AB	1-1	0	25	19.15	56
276	14	AB	1-5	0	25	19.15	56
277	14	AB	6-10	0	25	19.15	56
278	14	AB	11-15	0	25	19.15	56
279	14	AB	16-20	0	25	19.15	56
280	15	EF	1-1	0	20	18.96	51
281	15	EF	1-5	0	20	18.96	51
282	15	EF	6-10	0	20	18.96	51
283	15	EF	11-15	0	20	18.96	51
284	15	EF	16-20	0	20	18.96	51
285	15	CD	1-1	0	20	18.96	51
286	15	CD	1-5	0	20	18.96	51
287	15	CD	6-10	0	20	18.96	51
288	15	CD	11-15	0	20	18.96	51
289	15	CD	16-20	0	20	18.96	51
290	15	AB	1-1	0	20	18.96	51
291	15	AB	1-5	0	20	18.96	51
292	15	AB	6-10	0	20	18.96	51
293	15	AB	11-15	0	20	18.96	51
294	15	AB	16-20	0	20	18.96	51
295	15	GH	1-1	0	20	18.96	51
296	15	GH	1-5	0	20	18.96	51
297	15	GH	6-10	0	20	18.96	51
298	15	GH	11-15	0	20	18.96	51
299	15	GH	16-20	0	20	18.96	51
340	18	EF	1-1	1	24	22.39	67
341	18	EF	1-5	1	24	22.39	67
342	18	EF	6-10	1	24	22.39	67
343	18	EF	11-15	1	24	22.39	67
344	18	EF	16-20	1	24	22.39	67
345	18	GH	1-1	1	24	22.39	67
346	18	GH	1-5	1	24	22.39	67
347	18	GH	6-10	1	24	22.39	67
348	18	GH	11-15	1	24	22.39	67
349	18	GH	16-20	1	24	22.39	67
350	18	AB	1-1	1	24	22.39	67
351	18	AB	1-5	1	24	22.39	67
352	18	AB	6-10	1	24	22.39	67
353	18	AB	11-15	1	24	22.39	67
354	18	AB	16-20	1	24	22.39	67
355	18	CD	1-1	1	24	22.39	67
356	18	CD	1-5	1	24	22.39	67
357	18	CD	6-10	1	24	22.39	67
358	18	CD	11-15	1	24	22.39	67
359	18	CD	16-20	1	24	22.39	67
360	19	GH	1-1	1	27	25.76	78
361	19	GH	1-5	1	27	25.76	78
362	19	GH	6-10	1	27	25.76	78
363	19	GH	11-15	1	27	25.76	78
364	19	GH	16-20	1	27	25.76	78
365	19	EF	1-1	1	27	25.76	78
366	19	EF	1-5	1	27	25.76	78
367	19	EF	6-10	1	27	25.76	78
368	19	EF	11-15	1	27	25.76	78
369	19	EF	16-20	1	27	25.76	78
370	19	CD	1-1	1	27	25.76	78
371	19	CD	1-5	1	27	25.76	78
372	19	CD	6-10	1	27	25.76	78
373	19	CD	11-15	1	27	25.76	78
374	19	CD	16-20	1	27	25.76	78
375	19	AB	1-1	1	27	25.76	78
376	19	AB	1-5	1	27	25.76	78
377	19	AB	6-10	1	27	25.76	78
378	19	AB	11-15	1	27	25.76	78
379	19	AB	16-20	1	27	25.76	78
380	20	GH	1-1	1	19	23.94	70
381	20	GH	1-5	1	19	23.94	70
382	20	GH	6-10	1	19	23.94	70
383	20	GH	11-15	1	19	23.94	70
384	20	GH	16-20	1	19	23.94	70
385	20	CD	1-1	1	19	23.94	70
386	20	CD	1-5	1	19	23.94	70
387	20	CD	6-10	1	19	23.94	70
388	20	CD	11-15	1	19	23.94	70
389	20	CD	16-20	1	19	23.94	70
390	20	AB	1-1	1	19	23.94	70
391	20	AB	1-5	1	19	23.94	70
392	20	AB	6-10	1	19	23.94	70
393	20	AB	11-15	1	19	23.94	70
394	20	AB	16-20	1	19	23.94	70
395	20	EF	1-1	1	19	23.94	70
396	20	EF	1-5	1	19	23.94	70
397	20	EF	6-10	1	19	23.94	70
398	20	EF	11-15	1	19	23.94	70
399	20	EF	16-20	1	19	23.94	70
440	23	GH	1-1	0	27	20.57	56
441	23	GH	1-5	0	27	20.57	56
442	23	GH	6-10	0	27	20.57	56
443	23	GH	11-15	0	27	20.57	56
444	23	GH	16-20	0	27	20.57	56
445	23	EF	1-1	0	27	20.57	56
446	23	EF	1-5	0	27	20.57	56
447	23	EF	6-10	0	27	20.57	56
448	23	EF	11-15	0	27	20.57	56
449	23	EF	16-20	0	27	20.57	56
450	23	AB	1-1	0	27	20.57	56
451	23	AB	1-5	0	27	20.57	56
452	23	AB	6-10	0	27	20.57	56
453	23	AB	11-15	0	27	20.57	56
454	23	AB	16-20	0	27	20.57	56
455	23	CD	1-1	0	27	20.57	56
456	23	CD	1-5	0	27	20.57	56
457	23	CD	6-10	0	27	20.57	56
458	23	CD	11-15	0	27	20.57	56
459	23	CD	16-20	0	27	20.57	56
460	24	CD	1-1	0	25	15.82	38
461	24	CD	1-5	0	25	15.82	38
462	24	CD	6-10	0	25	15.82	38
463	24	CD	11-15	0	25	15.82	38
464	24	CD	16-20	0	25	15.82	38
465	24	EF	1-1	0	25	15.82	38
466	24	EF	1-5	0	25	15.82	38
467	24	EF	6-10	0	25	15.82	38
468	24	EF	11-15	0	25	15.82	38
469	24	EF	16-20	0	25	15.82	38
470	24	AB	1-1	0	25	15.82	38
471	24	AB	1-5	0	25	15.82	38
472	24	AB	6-10	0	25	15.82	38
473	24	AB	11-15	0	25	15.82	38
474	24	AB	16-20	0	25	15.82	38
475	24	GH	1-1	0	25	15.82	38
476	24	GH	1-5	0	25	15.82	38
477	24	GH	6-10	0	25	15.82	38
478	24	GH	11-15	0	25	15.82	38
479	24	GH	16-20	0	25	15.82	38
500	26	AB	1-1	1	23	31.89	90
501	26	AB	1-5	1	23	31.89	90
502	26	AB	6-10	1	23	31.89	90
503	26	AB	11-15	1	23	31.89	90
504	26	AB	16-20	1	23	31.89	90
505	26	GH	1-1	1	23	31.89	90
506	26	GH	1-5	1	23	31.89	90
507	26	GH	6-10	1	23	31.89	90
508	26	GH	11-15	1	23	31.89	90
509	26	GH	16-20	1	23	31.89	90
510	26	CD	1-1	1	23	31.89	90
511	26	CD	1-5	1	23	31.89	90
512	26	CD	6-10	1	23	31.89	90
513	26	CD	11-15	1	23	31.89	90
514	26	CD	16-20	1	23	31.89	90
515	26	EF	1-1	1	23	31.89	90
516	26	EF	1-5	1	23	31.89	90
517	26	EF	6-10	1	23	31.89	90
518	26	EF	11-15	1	23	31.89	90
519	26	EF	16-20	1	23	31.89	90
580	30	GH	1-1	0	28	22.89	55
581	30	GH	1-5	0	28	22.89	55
582	30	GH	6-10	0	28	22.89	55
583	30	GH	11-15	0	28	22.89	55
584	30	GH	16-20	0	28	22.89	55
585	30	CD	1-1	0	28	22.89	55
586	30	CD	1-5	0	28	22.89	55
587	30	CD	6-10	0	28	22.89	55
588	30	CD	11-15	0	28	22.89	55
589	30	CD	16-20	0	28	22.89	55
590	30	EF	1-1	0	28	22.89	55
591	30	EF	1-5	0	28	22.89	55
592	30	EF	6-10	0	28	22.89	55
593	30	EF	11-15	0	28	22.89	55
594	30	EF	16-20	0	28	22.89	55
595	30	AB	1-1	0	28	22.89	55
596	30	AB	1-5	0	28	22.89	55
597	30	AB	6-10	0	28	22.89	55
598	30	AB	11-15	0	28	22.89	55
599	30	AB	16-20	0	28	22.89	55
640	33	AB	1-1	1	24	29.03	93
641	33	AB	1-5	1	24	29.03	93
642	33	AB	6-10	1	24	29.03	93
643	33	AB	11-15	1	24	29.03	93
644	33	AB	16-20	1	24	29.03	93
645	33	GH	1-1	1	24	29.03	93
646	33	GH	1-5	1	24	29.03	93
647	33	GH	6-10	1	24	29.03	93
648	33	GH	11-15	1	24	29.03	93
649	33	GH	16-20	1	24	29.03	93
650	33	CD	1-1	1	24	29.03	93
651	33	CD	1-5	1	24	29.03	93
652	33	CD	6-10	1	24	29.03	93
653	33	CD	11-15	1	24	29.03	93
654	33	CD	16-20	1	24	29.03	93
655	33	EF	1-1	1	24	29.03	93
656	33	EF	1-5	1	24	29.03	93
657	33	EF	6-10	1	24	29.03	93
658	33	EF	11-15	1	24	29.03	93
659	33	EF	16-20	1	24	29.03	93
660	34	GH	1-1	1	21	26.06	78
661	34	GH	1-5	1	21	26.06	78
662	34	GH	6-10	1	21	26.06	78
663	34	GH	11-15	1	21	26.06	78
664	34	GH	16-20	1	21	26.06	78
665	34	EF	1-1	1	21	26.06	78
666	34	EF	1-5	1	21	26.06	78
667	34	EF	6-10	1	21	26.06	78
668	34	EF	11-15	1	21	26.06	78
669	34	EF	16-20	1	21	26.06	78
670	34	CD	1-1	1	21	26.06	78
671	34	CD	1-5	1	21	26.06	78
672	34	CD	6-10	1	21	26.06	78
673	34	CD	11-15	1	21	26.06	78
674	34	CD	16-20	1	21	26.06	78
675	34	AB	1-1	1	21	26.06	78
676	34	AB	1-5	1	21	26.06	78
677	34	AB	6-10	1	21	26.06	78
678	34	AB	11-15	1	21	26.06	78
679	34	AB	16-20	1	21	26.06	78
720	37	GH	1-1	0	22	20.31	52
721	37	GH	1-5	0	22	20.31	52
722	37	GH	6-10	0	22	20.31	52
723	37	GH	11-15	0	22	20.31	52
724	37	GH	16-20	0	22	20.31	52
725	37	AB	1-1	0	22	20.31	52
726	37	AB	1-5	0	22	20.31	52
727	37	AB	6-10	0	22	20.31	52
728	37	AB	11-15	0	22	20.31	52
729	37	AB	16-20	0	22	20.31	52
730	37	EF	1-1	0	22	20.31	52
731	37	EF	1-5	0	22	20.31	52
732	37	EF	6-10	0	22	20.31	52
733	37	EF	11-15	0	22	20.31	52
734	37	EF	16-20	0	22	20.31	52
735	37	CD	1-1	0	22	20.31	52
736	37	CD	1-5	0	22	20.31	52
737	37	CD	6-10	0	22	20.31	52
738	37	CD	11-15	0	22	20.31	52
739	37	CD	16-20	0	22	20.31	52
760	39	AB	1-1	0	23	21.34	56
761	39	AB	1-5	0	23	21.34	56
762	39	AB	6-10	0	23	21.34	56
763	39	AB	11-15	0	23	21.34	56
764	39	AB	16-20	0	23	21.34	56
765	39	GH	1-1	0	23	21.34	56
766	39	GH	1-5	0	23	21.34	56
767	39	GH	6-10	0	23	21.34	56
768	39	GH	11-15	0	23	21.34	56
769	39	GH	16-20	0	23	21.34	56
770	39	EF	1-1	0	23	21.34	56
771	39	EF	1-5	0	23	21.34	56
772	39	EF	6-10	0	23	21.34	56
773	39	EF	11-15	0	23	21.34	56
774	39	EF	16-20	0	23	21.34	56
775	39	CD	1-1	0	23	21.34	56
776	39	CD	1-5	0	23	21.34	56
777	39	CD	6-10	0	23	21.34	56
778	39	CD	11-15	0	23	21.34	56
779	39	CD	16-20	0	23	21.34	56
780	40	EF	1-1	0	20	20.7	55
781	40	EF	1-5	0	20	20.7	55
782	40	EF	6-10	0	20	20.7	55
783	40	EF	11-15	0	20	20.7	55
784	40	EF	16-20	0	20	20.7	55
785	40	CD	1-1	0	20	20.7	55
786	40	CD	1-5	0	20	20.7	55
787	40	CD	6-10	0	20	20.7	55
788	40	CD	11-15	0	20	20.7	55
789	40	CD	16-20	0	20	20.7	55
790	40	AB	1-1	0	20	20.7	55
791	40	AB	1-5	0	20	20.7	55
792	40	AB	6-10	0	20	20.7	55
793	40	AB	11-15	0	20	20.7	55
794	40	AB	16-20	0	20	20.7	55
795	40	GH	1-1	0	20	20.7	55
796	40	GH	1-5	0	20	20.7	55
797	40	GH	6-10	0	20	20.7	55
798	40	GH	11-15	0	20	20.7	55
799	40	GH	16-20	0	20	20.7	55
800	41	AB	1-1	1	28	28.08	93
801	41	AB	1-5	1	28	28.08	93
802	41	AB	6-10	1	28	28.08	93
803	41	AB	11-15	1	28	28.08	93
804	41	AB	16-20	1	28	28.08	93
805	41	GH	1-1	1	28	28.08	93
806	41	GH	1-5	1	28	28.08	93
807	41	GH	6-10	1	28	28.08	93
808	41	GH	11-15	1	28	28.08	93
809	41	GH	16-20	1	28	28.08	93
810	41	EF	1-1	1	28	28.08	93
811	41	EF	1-5	1	28	28.08	93
812	41	EF	6-10	1	28	28.08	93
813	41	EF	11-15	1	28	28.08	93
814	41	EF	16-20	1	28	28.08	93
815	41	CD	1-1	1	28	28.08	93
816	41	CD	1-5	1	28	28.08	93
817	41	CD	6-10	1	28	28.08	93
818	41	CD	11-15	1	28	28.08	93
819	41	CD	16-20	1	28	28.08	93
840	43	AB	1-1	1	23	26.49	83
841	43	AB	1-5	1	23	26.49	83
842	43	AB	6-10	1	23	26.49	83
843	43	AB	11-15	1	23	26.49	83
844	43	AB	16-20	1	23	26.49	83
845	43	EF	1-1	1	23	26.49	83
846	43	EF	1-5	1	23	26.49	83
847	43	EF	6-10	1	23	26.49	83
848	43	EF	11-15	1	23	26.49	83
849	43	EF	16-20	1	23	26.49	83
850	43	CD	1-1	1	23	26.49	83
851	43	CD	1-5	1	23	26.49	83
852	43	CD	6-10	1	23	26.49	83
853	43	CD	11-15	1	23	26.49	83
854	43	CD	16-20	1	23	26.49	83
855	43	GH	1-1	1	23	26.49	83
856	43	GH	1-5	1	23	26.49	83
857	43	GH	6-10	1	23	26.49	83
858	43	GH	11-15	1	23	26.49	83
859	43	GH	16-20	1	23	26.49	83
860	44	EF	1-1	1	25	33.46	99
861	44	EF	1-5	1	25	33.46	99
862	44	EF	6-10	1	25	33.46	99
863	44	EF	11-15	1	25	33.46	99
864	44	EF	16-20	1	25	33.46	99
865	44	CD	1-1	1	25	33.46	99
866	44	CD	1-5	1	25	33.46	99
867	44	CD	6-10	1	25	33.46	99
868	44	CD	11-15	1	25	33.46	99
869	44	CD	16-20	1	25	33.46	99
870	44	AB	1-1	1	25	33.46	99
871	44	AB	1-5	1	25	33.46	99
872	44	AB	6-10	1	25	33.46	99
873	44	AB	11-15	1	25	33.46	99
874	44	AB	16-20	1	25	33.46	99
875	44	GH	1-1	1	25	33.46	99
876	44	GH	1-5	1	25	33.46	99
877	44	GH	6-10	1	25	33.46	99
878	44	GH	11-15	1	25	33.46	99
879	44	GH	16-20	1	25	33.46	99
900	46	GH	1-1	0	23	19.1	52
901	46	GH	1-5	0	23	19.1	52
902	46	GH	6-10	0	23	19.1	52
903	46	GH	11-15	0	23	19.1	52
904	46	GH	16-20	0	23	19.1	52
905	46	AB	1-1	0	23	19.1	52
906	46	AB	1-5	0	23	19.1	52
907	46	AB	6-10	0	23	19.1	52
908	46	AB	11-15	0	23	19.1	52
909	46	AB	16-20	0	23	19.1	52
910	46	CD	1-1	0	23	19.1	52
911	46	CD	1-5	0	23	19.1	52
912	46	CD	6-10	0	23	19.1	52
913	46	CD	11-15	0	23	19.1	52
914	46	CD	16-20	0	23	19.1	52
915	46	EF	1-1	0	23	19.1	52
916	46	EF	1-5	0	23	19.1	52
917	46	EF	6-10	0	23	19.1	52
918	46	EF	11-15	0	23	19.1	52
919	46	EF	16-20	0	23	19.1	52
940	48	GH	1-1	0	25	21.67	59
941	48	GH	1-5	0	25	21.67	59
942	48	GH	6-10	0	25	21.67	59
943	48	GH	11-15	0	25	21.67	59
944	48	GH	16-20	0	25	21.67	59
945	48	AB	1-1	0	25	21.67	59
946	48	AB	1-5	0	25	21.67	59
947	48	AB	6-10	0	25	21.67	59
948	48	AB	11-15	0	25	21.67	59
949	48	AB	16-20	0	25	21.67	59
950	48	EF	1-1	0	25	21.67	59
951	48	EF	1-5	0	25	21.67	59
952	48	EF	6-10	0	25	21.67	59
953	48	EF	11-15	0	25	21.67	59
954	48	EF	16-20	0	25	21.67	59
955	48	CD	1-1	0	25	21.67	59
956	48	CD	1-5	0	25	21.67	59
957	48	CD	6-10	0	25	21.67	59
958	48	CD	11-15	0	25	21.67	59
959	48	CD	16-20	0	25	21.67	59
980	50	AB	1-1	1	26	20.15	61
981	50	AB	1-5	1	26	20.15	61
982	50	AB	6-10	1	26	20.15	61
983	50	AB	11-15	1	26	20.15	61
984	50	AB	16-20	1	26	20.15	61
985	50	GH	1-1	1	26	20.15	61
986	50	GH	1-5	1	26	20.15	61
987	50	GH	6-10	1	26	20.15	61
988	50	GH	11-15	1	26	20.15	61
989	50	GH	16-20	1	26	20.15	61
990	50	CD	1-1	1	26	20.15	61
991	50	CD	1-5	1	26	20.15	61
992	50	CD	6-10	1	26	20.15	61
993	50	CD	11-15	1	26	20.15	61
994	50	CD	16-20	1	26	20.15	61
995	50	EF	1-1	1	26	20.15	61
996	50	EF	1-5	1	26	20.15	61
997	50	EF	6-10	1	26	20.15	61
998	50	EF	11-15	1	26	20.15	61
999	50	EF	16-20	1	26	20.15	61
1000	51	EF	1-1	1	25	20.2	57
1001	51	EF	1-5	1	25	20.2	57
1002	51	EF	6-10	1	25	20.2	57
1003	51	EF	11-15	1	25	20.2	57
1004	51	EF	16-20	1	25	20.2	57
1005	51	GH	1-1	1	25	20.2	57
1006	51	GH	1-5	1	25	20.2	57
1007	51	GH	6-10	1	25	20.2	57
1008	51	GH	11-15	1	25	20.2	57
1009	51	GH	16-20	1	25	20.2	57
1010	51	CD	1-1	1	25	20.2	57
1011	51	CD	1-5	1	25	20.2	57
1012	51	CD	6-10	1	25	20.2	57
1013	51	CD	11-15	1	25	20.2	57
1014	51	CD	16-20	1	25	20.2	57
1015	51	AB	1-1	1	25	20.2	57
1016	51	AB	1-5	1	25	20.2	57
1017	51	AB	6-10	1	25	20.2	57
1018	51	AB	11-15	1	25	20.2	57
1019	51	AB	16-20	1	25	20.2	57
1040	53	EF	1-1	0	21	20.69	57
1041	53	EF	1-5	0	21	20.69	57
1042	53	EF	6-10	0	21	20.69	57
1043	53	EF	11-15	0	21	20.69	57
1044	53	EF	16-20	0	21	20.69	57
1045	53	CD	1-1	0	21	20.69	57
1046	53	CD	1-5	0	21	20.69	57
1047	53	CD	6-10	0	21	20.69	57
1048	53	CD	11-15	0	21	20.69	57
1049	53	CD	16-20	0	21	20.69	57
1050	53	AB	1-1	0	21	20.69	57
1051	53	AB	1-5	0	21	20.69	57
1052	53	AB	6-10	0	21	20.69	57
1053	53	AB	11-15	0	21	20.69	57
1054	53	AB	16-20	0	21	20.69	57
1055	53	GH	1-1	0	21	20.69	57
1056	53	GH	1-5	0	21	20.69	57
1057	53	GH	6-10	0	21	20.69	57
1058	53	GH	11-15	0	21	20.69	57
1059	53	GH	16-20	0	21	20.69	57
1060	54	EF	1-1	0	23	20.45	55
1061	54	EF	1-5	0	23	20.45	55
1062	54	EF	6-10	0	23	20.45	55
1063	54	EF	11-15	0	23	20.45	55
1064	54	EF	16-20	0	23	20.45	55
1065	54	CD	1-1	0	23	20.45	55
1066	54	CD	1-5	0	23	20.45	55
1067	54	CD	6-10	0	23	20.45	55
1068	54	CD	11-15	0	23	20.45	55
1069	54	CD	16-20	0	23	20.45	55
1070	54	GH	1-1	0	23	20.45	55
1071	54	GH	1-5	0	23	20.45	55
1072	54	GH	6-10	0	23	20.45	55
1073	54	GH	11-15	0	23	20.45	55
1074	54	GH	16-20	0	23	20.45	55
1075	54	AB	1-1	0	23	20.45	55
1076	54	AB	1-5	0	23	20.45	55
1077	54	AB	6-10	0	23	20.45	55
1078	54	AB	11-15	0	23	20.45	55
1079	54	AB	16-20	0	23	20.45	55
1080	55	GH	1-1	0	22	19.61	58
1081	55	GH	1-5	0	22	19.61	58
1082	55	GH	6-10	0	22	19.61	58
1083	55	GH	11-15	0	22	19.61	58
1084	55	GH	16-20	0	22	19.61	58
1085	55	AB	1-1	0	22	19.61	58
1086	55	AB	1-5	0	22	19.61	58
1087	55	AB	6-10	0	22	19.61	58
1088	55	AB	11-15	0	22	19.61	58
1089	55	AB	16-20	0	22	19.61	58
1090	55	CD	1-1	0	22	19.61	58
1091	55	CD	1-5	0	22	19.61	58
1092	55	CD	6-10	0	22	19.61	58
1093	55	CD	11-15	0	22	19.61	58
1094	55	CD	16-20	0	22	19.61	58
1095	55	EF	1-1	0	22	19.61	58
1096	55	EF	1-5	0	22	19.61	58
1097	55	EF	6-10	0	22	19.61	58
1098	55	EF	11-15	0	22	19.61	58
1099	55	EF	16-20	0	22	19.61	58
1120	57	GH	1-1	1	23	26.33	77
1121	57	GH	1-5	1	23	26.33	77
1122	57	GH	6-10	1	23	26.33	77
1123	57	GH	11-15	1	23	26.33	77
1124	57	GH	16-20	1	23	26.33	77
1125	57	EF	1-1	1	23	26.33	77
1126	57	EF	1-5	1	23	26.33	77
1127	57	EF	6-10	1	23	26.33	77
1128	57	EF	11-15	1	23	26.33	77
1129	57	EF	16-20	1	23	26.33	77
1130	57	CD	1-1	1	23	26.33	77
1131	57	CD	1-5	1	23	26.33	77
1132	57	CD	6-10	1	23	26.33	77
1133	57	CD	11-15	1	23	26.33	77
1134	57	CD	16-20	1	23	26.33	77
1135	57	AB	1-1	1	23	26.33	77
1136	57	AB	1-5	1	23	26.33	77
1137	57	AB	6-10	1	23	26.33	77
1138	57	AB	11-15	1	23	26.33	77
1139	57	AB	16-20	1	23	26.33	77
1140	58	EF	1-1	1	27	26.06	78
1141	58	EF	1-5	1	27	26.06	78
1142	58	EF	6-10	1	27	26.06	78
1143	58	EF	11-15	1	27	26.06	78
1144	58	EF	16-20	1	27	26.06	78
1145	58	AB	1-1	1	27	26.06	78
1146	58	AB	1-5	1	27	26.06	78
1147	58	AB	6-10	1	27	26.06	78
1148	58	AB	11-15	1	27	26.06	78
1149	58	AB	16-20	1	27	26.06	78
1150	58	GH	1-1	1	27	26.06	78
1151	58	GH	1-5	1	27	26.06	78
1152	58	GH	6-10	1	27	26.06	78
1153	58	GH	11-15	1	27	26.06	78
1154	58	GH	16-20	1	27	26.06	78
1155	58	CD	1-1	1	27	26.06	78
1156	58	CD	1-5	1	27	26.06	78
1157	58	CD	6-10	1	27	26.06	78
1158	58	CD	11-15	1	27	26.06	78
1159	58	CD	16-20	1	27	26.06	78
1200	61	CD	1-1	0	25	19.05	50
1201	61	CD	1-5	0	25	19.05	50
1202	61	CD	6-10	0	25	19.05	50
1203	61	CD	11-15	0	25	19.05	50
1204	61	CD	16-20	0	25	19.05	50
1205	61	AB	1-1	0	25	19.05	50
1206	61	AB	1-5	0	25	19.05	50
1207	61	AB	6-10	0	25	19.05	50
1208	61	AB	11-15	0	25	19.05	50
1209	61	AB	16-20	0	25	19.05	50
1210	61	EF	1-1	0	25	19.05	50
1211	61	EF	1-5	0	25	19.05	50
1212	61	EF	6-10	0	25	19.05	50
1213	61	EF	11-15	0	25	19.05	50
1214	61	EF	16-20	0	25	19.05	50
1215	61	GH	1-1	0	25	19.05	50
1216	61	GH	1-5	0	25	19.05	50
1217	61	GH	6-10	0	25	19.05	50
1218	61	GH	11-15	0	25	19.05	50
1219	61	GH	16-20	0	25	19.05	50
1220	62	AB	1-1	0	21	21.45	62
1221	62	AB	1-5	0	21	21.45	62
1222	62	AB	6-10	0	21	21.45	62
1223	62	AB	11-15	0	21	21.45	62
1224	62	AB	16-20	0	21	21.45	62
1225	62	EF	1-1	0	21	21.45	62
1226	62	EF	1-5	0	21	21.45	62
1227	62	EF	6-10	0	21	21.45	62
1228	62	EF	11-15	0	21	21.45	62
1229	62	EF	16-20	0	21	21.45	62
1230	62	CD	1-1	0	21	21.45	62
1231	62	CD	1-5	0	21	21.45	62
1232	62	CD	6-10	0	21	21.45	62
1233	62	CD	11-15	0	21	21.45	62
1234	62	CD	16-20	0	21	21.45	62
1235	62	GH	1-1	0	21	21.45	62
1236	62	GH	1-5	0	21	21.45	62
1237	62	GH	6-10	0	21	21.45	62
1238	62	GH	11-15	0	21	21.45	62
1239	62	GH	16-20	0	21	21.45	62
1280	65	AB	1-1	1	21	24.49	75
1281	65	AB	1-5	1	21	24.49	75
1282	65	AB	6-10	1	21	24.49	75
1283	65	AB	11-15	1	21	24.49	75
1284	65	AB	16-20	1	21	24.49	75
1285	65	CD	1-1	1	21	24.49	75
1286	65	CD	1-5	1	21	24.49	75
1287	65	CD	6-10	1	21	24.49	75
1288	65	CD	11-15	1	21	24.49	75
1289	65	CD	16-20	1	21	24.49	75
1290	65	EF	1-1	1	21	24.49	75
1291	65	EF	1-5	1	21	24.49	75
1292	65	EF	6-10	1	21	24.49	75
1293	65	EF	11-15	1	21	24.49	75
1294	65	EF	16-20	1	21	24.49	75
1295	65	GH	1-1	1	21	24.49	75
1296	65	GH	1-5	1	21	24.49	75
1297	65	GH	6-10	1	21	24.49	75
1298	65	GH	11-15	1	21	24.49	75
1299	65	GH	16-20	1	21	24.49	75
1320	67	GH	1-1	1	24	20.9	70
1321	67	GH	1-5	1	24	20.9	70
1322	67	GH	6-10	1	24	20.9	70
1323	67	GH	11-15	1	24	20.9	70
1324	67	GH	16-20	1	24	20.9	70
1325	67	EF	1-1	1	24	20.9	70
1326	67	EF	1-5	1	24	20.9	70
1327	67	EF	6-10	1	24	20.9	70
1328	67	EF	11-15	1	24	20.9	70
1329	67	EF	16-20	1	24	20.9	70
1330	67	AB	1-1	1	24	20.9	70
1331	67	AB	1-5	1	24	20.9	70
1332	67	AB	6-10	1	24	20.9	70
1333	67	AB	11-15	1	24	20.9	70
1334	67	AB	16-20	1	24	20.9	70
1335	67	CD	1-1	1	24	20.9	70
1336	67	CD	1-5	1	24	20.9	70
1337	67	CD	6-10	1	24	20.9	70
1338	67	CD	11-15	1	24	20.9	70
1339	67	CD	16-20	1	24	20.9	70
1340	68	AB	1-1	1	26	21.31	66
1341	68	AB	1-5	1	26	21.31	66
1342	68	AB	6-10	1	26	21.31	66
1343	68	AB	11-15	1	26	21.31	66
1344	68	AB	16-20	1	26	21.31	66
1345	68	CD	1-1	1	26	21.31	66
1346	68	CD	1-5	1	26	21.31	66
1347	68	CD	6-10	1	26	21.31	66
1348	68	CD	11-15	1	26	21.31	66
1349	68	CD	16-20	1	26	21.31	66
1350	68	GH	1-1	1	26	21.31	66
1351	68	GH	1-5	1	26	21.31	66
1352	68	GH	6-10	1	26	21.31	66
1353	68	GH	11-15	1	26	21.31	66
1354	68	GH	16-20	1	26	21.31	66
1355	68	EF	1-1	1	26	21.31	66
1356	68	EF	1-5	1	26	21.31	66
1357	68	EF	6-10	1	26	21.31	66
1358	68	EF	11-15	1	26	21.31	66
1359	68	EF	16-20	1	26	21.31	66
1400	71	EF	1-1	0	23	19.53	50
1401	71	EF	1-5	0	23	19.53	50
1402	71	EF	6-10	0	23	19.53	50
1403	71	EF	11-15	0	23	19.53	50
1404	71	EF	16-20	0	23	19.53	50
1405	71	CD	1-1	0	23	19.53	50
1406	71	CD	1-5	0	23	19.53	50
1407	71	CD	6-10	0	23	19.53	50
1408	71	CD	11-15	0	23	19.53	50
1409	71	CD	16-20	0	23	19.53	50
1410	71	GH	1-1	0	23	19.53	50
1411	71	GH	1-5	0	23	19.53	50
1412	71	GH	6-10	0	23	19.53	50
1413	71	GH	11-15	0	23	19.53	50
1414	71	GH	16-20	0	23	19.53	50
1415	71	AB	1-1	0	23	19.53	50
1416	71	AB	1-5	0	23	19.53	50
1417	71	AB	6-10	0	23	19.53	50
1418	71	AB	11-15	0	23	19.53	50
1419	71	AB	16-20	0	23	19.53	50
1420	72	EF	1-1	0	23	19.05	50
1421	72	EF	1-5	0	23	19.05	50
1422	72	EF	6-10	0	23	19.05	50
1423	72	EF	11-15	0	23	19.05	50
1424	72	EF	16-20	0	23	19.05	50
1425	72	AB	1-1	0	23	19.05	50
1426	72	AB	1-5	0	23	19.05	50
1427	72	AB	6-10	0	23	19.05	50
1428	72	AB	11-15	0	23	19.05	50
1429	72	AB	16-20	0	23	19.05	50
1430	72	CD	1-1	0	23	19.05	50
1431	72	CD	1-5	0	23	19.05	50
1432	72	CD	6-10	0	23	19.05	50
1433	72	CD	11-15	0	23	19.05	50
1434	72	CD	16-20	0	23	19.05	50
1435	72	GH	1-1	0	23	19.05	50
1436	72	GH	1-5	0	23	19.05	50
1437	72	GH	6-10	0	23	19.05	50
1438	72	GH	11-15	0	23	19.05	50
1439	72	GH	16-20	0	23	19.05	50
1440	73	CD	1-1	1	26	28.04	82
1441	73	CD	1-5	1	26	28.04	82
1442	73	CD	6-10	1	26	28.04	82
1443	73	CD	11-15	1	26	28.04	82
1444	73	CD	16-20	1	26	28.04	82
1445	73	AB	1-1	1	26	28.04	82
1446	73	AB	1-5	1	26	28.04	82
1447	73	AB	6-10	1	26	28.04	82
1448	73	AB	11-15	1	26	28.04	82
1449	73	AB	16-20	1	26	28.04	82
1450	73	EF	1-1	1	26	28.04	82
1451	73	EF	1-5	1	26	28.04	82
1452	73	EF	6-10	1	26	28.04	82
1453	73	EF	11-15	1	26	28.04	82
1454	73	EF	16-20	1	26	28.04	82
1455	73	GH	1-1	1	26	28.04	82
1456	73	GH	1-5	1	26	28.04	82
1457	73	GH	6-10	1	26	28.04	82
1458	73	GH	11-15	1	26	28.04	82
1459	73	GH	16-20	1	26	28.04	82
1480	75	CD	1-1	1	22	18.37	50
1481	75	CD	1-5	1	22	18.37	50
1482	75	CD	6-10	1	22	18.37	50
1483	75	CD	11-15	1	22	18.37	50
1484	75	CD	16-20	1	22	18.37	50
1485	75	GH	1-1	1	22	18.37	50
1486	75	GH	1-5	1	22	18.37	50
1487	75	GH	6-10	1	22	18.37	50
1488	75	GH	11-15	1	22	18.37	50
1489	75	GH	16-20	1	22	18.37	50
1490	75	AB	1-1	1	22	18.37	50
1491	75	AB	1-5	1	22	18.37	50
1492	75	AB	6-10	1	22	18.37	50
1493	75	AB	11-15	1	22	18.37	50
1494	75	AB	16-20	1	22	18.37	50
1495	75	EF	1-1	1	22	18.37	50
1496	75	EF	1-5	1	22	18.37	50
1497	75	EF	6-10	1	22	18.37	50
1498	75	EF	11-15	1	22	18.37	50
1499	75	EF	16-20	1	22	18.37	50
1500	76	EF	1-1	1	24	21.13	70
1501	76	EF	1-5	1	24	21.13	70
1502	76	EF	6-10	1	24	21.13	70
1503	76	EF	11-15	1	24	21.13	70
1504	76	EF	16-20	1	24	21.13	70
1505	76	AB	1-1	1	24	21.13	70
1506	76	AB	1-5	1	24	21.13	70
1507	76	AB	6-10	1	24	21.13	70
1508	76	AB	11-15	1	24	21.13	70
1509	76	AB	16-20	1	24	21.13	70
1510	76	GH	1-1	1	24	21.13	70
1511	76	GH	1-5	1	24	21.13	70
1512	76	GH	6-10	1	24	21.13	70
1513	76	GH	11-15	1	24	21.13	70
1514	76	GH	16-20	1	24	21.13	70
1515	76	CD	1-1	1	24	21.13	70
1516	76	CD	1-5	1	24	21.13	70
1517	76	CD	6-10	1	24	21.13	70
1518	76	CD	11-15	1	24	21.13	70
1519	76	CD	16-20	1	24	21.13	70
1540	78	CD	1-1	0	23	22.96	61
1541	78	CD	1-5	0	23	22.96	61
1542	78	CD	6-10	0	23	22.96	61
1543	78	CD	11-15	0	23	22.96	61
1544	78	CD	16-20	0	23	22.96	61
1545	78	GH	1-1	0	23	22.96	61
1546	78	GH	1-5	0	23	22.96	61
1547	78	GH	6-10	0	23	22.96	61
1548	78	GH	11-15	0	23	22.96	61
1549	78	GH	16-20	0	23	22.96	61
1550	78	EF	1-1	0	23	22.96	61
1551	78	EF	1-5	0	23	22.96	61
1552	78	EF	6-10	0	23	22.96	61
1553	78	EF	11-15	0	23	22.96	61
1554	78	EF	16-20	0	23	22.96	61
1555	78	AB	1-1	0	23	22.96	61
1556	78	AB	1-5	0	23	22.96	61
1557	78	AB	6-10	0	23	22.96	61
1558	78	AB	11-15	0	23	22.96	61
1559	78	AB	16-20	0	23	22.96	61
1580	80	GH	1-1	0	20	22.04	60
1581	80	GH	1-5	0	20	22.04	60
1582	80	GH	6-10	0	20	22.04	60
1583	80	GH	11-15	0	20	22.04	60
1584	80	GH	16-20	0	20	22.04	60
1585	80	CD	1-1	0	20	22.04	60
1586	80	CD	1-5	0	20	22.04	60
1587	80	CD	6-10	0	20	22.04	60
1588	80	CD	11-15	0	20	22.04	60
1589	80	CD	16-20	0	20	22.04	60
1590	80	EF	1-1	0	20	22.04	60
1591	80	EF	1-5	0	20	22.04	60
1592	80	EF	6-10	0	20	22.04	60
1593	80	EF	11-15	0	20	22.04	60
1594	80	EF	16-20	0	20	22.04	60
1595	80	AB	1-1	0	20	22.04	60
1596	80	AB	1-5	0	20	22.04	60
1597	80	AB	6-10	0	20	22.04	60
1598	80	AB	11-15	0	20	22.04	60
1599	80	AB	16-20	0	20	22.04	60
1600	81	AB	1-1	1	25	21.47	65
1601	81	AB	1-5	1	25	21.47	65
1602	81	AB	6-10	1	25	21.47	65
1603	81	AB	11-15	1	25	21.47	65
1604	81	AB	16-20	1	25	21.47	65
1605	81	GH	1-1	1	25	21.47	65
1606	81	GH	1-5	1	25	21.47	65
1607	81	GH	6-10	1	25	21.47	65
1608	81	GH	11-15	1	25	21.47	65
1609	81	GH	16-20	1	25	21.47	65
1610	81	EF	1-1	1	25	21.47	65
1611	81	EF	1-5	1	25	21.47	65
1612	81	EF	6-10	1	25	21.47	65
1613	81	EF	11-15	1	25	21.47	65
1614	81	EF	16-20	1	25	21.47	65
1615	81	CD	1-1	1	25	21.47	65
1616	81	CD	1-5	1	25	21.47	65
1617	81	CD	6-10	1	25	21.47	65
1618	81	CD	11-15	1	25	21.47	65
1619	81	CD	16-20	1	25	21.47	65
1620	82	GH	1-1	1	30	24.34	78
1621	82	GH	1-5	1	30	24.34	78
1622	82	GH	6-10	1	30	24.34	78
1623	82	GH	11-15	1	30	24.34	78
1624	82	GH	16-20	1	30	24.34	78
1625	82	CD	1-1	1	30	24.34	78
1626	82	CD	1-5	1	30	24.34	78
1627	82	CD	6-10	1	30	24.34	78
1628	82	CD	11-15	1	30	24.34	78
1629	82	CD	16-20	1	30	24.34	78
1630	82	AB	1-1	1	30	24.34	78
1631	82	AB	1-5	1	30	24.34	78
1632	82	AB	6-10	1	30	24.34	78
1633	82	AB	11-15	1	30	24.34	78
1634	82	AB	16-20	1	30	24.34	78
1635	82	EF	1-1	1	30	24.34	78
1636	82	EF	1-5	1	30	24.34	78
1637	82	EF	6-10	1	30	24.34	78
1638	82	EF	11-15	1	30	24.34	78
1639	82	EF	16-20	1	30	24.34	78
1640	83	AB	1-1	1	26	22.41	64
1641	83	AB	1-5	1	26	22.41	64
1642	83	AB	6-10	1	26	22.41	64
1643	83	AB	11-15	1	26	22.41	64
1644	83	AB	16-20	1	26	22.41	64
1645	83	GH	1-1	1	26	22.41	64
1646	83	GH	1-5	1	26	22.41	64
1647	83	GH	6-10	1	26	22.41	64
1648	83	GH	11-15	1	26	22.41	64
1649	83	GH	16-20	1	26	22.41	64
1650	83	CD	1-1	1	26	22.41	64
1651	83	CD	1-5	1	26	22.41	64
1652	83	CD	6-10	1	26	22.41	64
1653	83	CD	11-15	1	26	22.41	64
1654	83	CD	16-20	1	26	22.41	64
1655	83	EF	1-1	1	26	22.41	64
1656	83	EF	1-5	1	26	22.41	64
1657	83	EF	6-10	1	26	22.41	64
1658	83	EF	11-15	1	26	22.41	64
1659	83	EF	16-20	1	26	22.41	64
1660	84	GH	1-1	1	22	20.83	66
1661	84	GH	1-5	1	22	20.83	66
1662	84	GH	6-10	1	22	20.83	66
1663	84	GH	11-15	1	22	20.83	66
1664	84	GH	16-20	1	22	20.83	66
1665	84	EF	1-1	1	22	20.83	66
1666	84	EF	1-5	1	22	20.83	66
1667	84	EF	6-10	1	22	20.83	66
1668	84	EF	11-15	1	22	20.83	66
1669	84	EF	16-20	1	22	20.83	66
1670	84	AB	1-1	1	22	20.83	66
1671	84	AB	1-5	1	22	20.83	66
1672	84	AB	6-10	1	22	20.83	66
1673	84	AB	11-15	1	22	20.83	66
1674	84	AB	16-20	1	22	20.83	66
1675	84	CD	1-1	1	22	20.83	66
1676	84	CD	1-5	1	22	20.83	66
1677	84	CD	6-10	1	22	20.83	66
1678	84	CD	11-15	1	22	20.83	66
1679	84	CD	16-20	1	22	20.83	66
1720	87	CD	1-1	0	22	18.07	48
1721	87	CD	1-5	0	22	18.07	48
1722	87	CD	6-10	0	22	18.07	48
1723	87	CD	11-15	0	22	18.07	48
1724	87	CD	16-20	0	22	18.07	48
1725	87	GH	1-1	0	22	18.07	48
1726	87	GH	1-5	0	22	18.07	48
1727	87	GH	6-10	0	22	18.07	48
1728	87	GH	11-15	0	22	18.07	48
1729	87	GH	16-20	0	22	18.07	48
1730	87	EF	1-1	0	22	18.07	48
1731	87	EF	1-5	0	22	18.07	48
1732	87	EF	6-10	0	22	18.07	48
1733	87	EF	11-15	0	22	18.07	48
1734	87	EF	16-20	0	22	18.07	48
1735	87	AB	1-1	0	22	18.07	48
1736	87	AB	1-5	0	22	18.07	48
1737	87	AB	6-10	0	22	18.07	48
1738	87	AB	11-15	0	22	18.07	48
1739	87	AB	16-20	0	22	18.07	48
1760	89	AB	1-1	1	21	22.16	71
1761	89	AB	1-5	1	21	22.16	71
1762	89	AB	6-10	1	21	22.16	71
1763	89	AB	11-15	1	21	22.16	71
1764	89	AB	16-20	1	21	22.16	71
1765	89	CD	1-1	1	21	22.16	71
1766	89	CD	1-5	1	21	22.16	71
1767	89	CD	6-10	1	21	22.16	71
1768	89	CD	11-15	1	21	22.16	71
1769	89	CD	16-20	1	21	22.16	71
1770	89	EF	1-1	1	21	22.16	71
1771	89	EF	1-5	1	21	22.16	71
1772	89	EF	6-10	1	21	22.16	71
1773	89	EF	11-15	1	21	22.16	71
1774	89	EF	16-20	1	21	22.16	71
1775	89	GH	1-1	1	21	22.16	71
1776	89	GH	1-5	1	21	22.16	71
1777	89	GH	6-10	1	21	22.16	71
1778	89	GH	11-15	1	21	22.16	71
1779	89	GH	16-20	1	21	22.16	71
1780	90	AB	1-1	1	33	26.22	74
1781	90	AB	1-5	1	33	26.22	74
1782	90	AB	6-10	1	33	26.22	74
1783	90	AB	11-15	1	33	26.22	74
1784	90	AB	16-20	1	33	26.22	74
1785	90	CD	1-1	1	33	26.22	74
1786	90	CD	1-5	1	33	26.22	74
1787	90	CD	6-10	1	33	26.22	74
1788	90	CD	11-15	1	33	26.22	74
1789	90	CD	16-20	1	33	26.22	74
1790	90	GH	1-1	1	33	26.22	74
1791	90	GH	1-5	1	33	26.22	74
1792	90	GH	6-10	1	33	26.22	74
1793	90	GH	11-15	1	33	26.22	74
1794	90	GH	16-20	1	33	26.22	74
1795	90	EF	1-1	1	33	26.22	74
1796	90	EF	1-5	1	33	26.22	74
1797	90	EF	6-10	1	33	26.22	74
1798	90	EF	11-15	1	33	26.22	74
1799	90	EF	16-20	1	33	26.22	74
1860	94	AB	1-1	0	20	24.22	62
1861	94	AB	1-5	0	20	24.22	62
1862	94	AB	6-10	0	20	24.22	62
1863	94	AB	11-15	0	20	24.22	62
1864	94	AB	16-20	0	20	24.22	62
1865	94	CD	1-1	0	20	24.22	62
1866	94	CD	1-5	0	20	24.22	62
1867	94	CD	6-10	0	20	24.22	62
1868	94	CD	11-15	0	20	24.22	62
1869	94	CD	16-20	0	20	24.22	62
1870	94	EF	1-1	0	20	24.22	62
1871	94	EF	1-5	0	20	24.22	62
1872	94	EF	6-10	0	20	24.22	62
1873	94	EF	11-15	0	20	24.22	62
1874	94	EF	16-20	0	20	24.22	62
1875	94	GH	1-1	0	20	24.22	62
1876	94	GH	1-5	0	20	24.22	62
1877	94	GH	6-10	0	20	24.22	62
1878	94	GH	11-15	0	20	24.22	62
1879	94	GH	16-20	0	20	24.22	62
1920	97	AB	1-1	1	27	21.55	66
1921	97	AB	1-5	1	27	21.55	66
1922	97	AB	6-10	1	27	21.55	66
1923	97	AB	11-15	1	27	21.55	66
1924	97	AB	16-20	1	27	21.55	66
1925	97	EF	1-1	1	27	21.55	66
1926	97	EF	1-5	1	27	21.55	66
1927	97	EF	6-10	1	27	21.55	66
1928	97	EF	11-15	1	27	21.55	66
1929	97	EF	16-20	1	27	21.55	66
1930	97	GH	1-1	1	27	21.55	66
1931	97	GH	1-5	1	27	21.55	66
1932	97	GH	6-10	1	27	21.55	66
1933	97	GH	11-15	1	27	21.55	66
1934	97	GH	16-20	1	27	21.55	66
1935	97	CD	1-1	1	27	21.55	66
1936	97	CD	1-5	1	27	21.55	66
1937	97	CD	6-10	1	27	21.55	66
1938	97	CD	11-15	1	27	21.55	66
1939	97	CD	16-20	1	27	21.55	66
1940	98	EF	1-1	1	21	26.79	83
1941	98	EF	1-5	1	21	26.79	83
1942	98	EF	6-10	1	21	26.79	83
1943	98	EF	11-15	1	21	26.79	83
1944	98	EF	16-20	1	21	26.79	83
1945	98	GH	1-1	1	21	26.79	83
1946	98	GH	1-5	1	21	26.79	83
1947	98	GH	6-10	1	21	26.79	83
1948	98	GH	11-15	1	21	26.79	83
1949	98	GH	16-20	1	21	26.79	83
1950	98	CD	1-1	1	21	26.79	83
1951	98	CD	1-5	1	21	26.79	83
1952	98	CD	6-10	1	21	26.79	83
1953	98	CD	11-15	1	21	26.79	83
1954	98	CD	16-20	1	21	26.79	83
1955	98	AB	1-1	1	21	26.79	83
1956	98	AB	1-5	1	21	26.79	83
1957	98	AB	6-10	1	21	26.79	83
1958	98	AB	11-15	1	21	26.79	83
1959	98	AB	16-20	1	21	26.79	83
1960	99	CD	1-1	1	27	24.61	67
1961	99	CD	1-5	1	27	24.61	67
1962	99	CD	6-10	1	27	24.61	67
1963	99	CD	11-15	1	27	24.61	67
1964	99	CD	16-20	1	27	24.61	67
1965	99	GH	1-1	1	27	24.61	67
1966	99	GH	1-5	1	27	24.61	67
1967	99	GH	6-10	1	27	24.61	67
1968	99	GH	11-15	1	27	24.61	67
1969	99	GH	16-20	1	27	24.61	67
1970	99	AB	1-1	1	27	24.61	67
1971	99	AB	1-5	1	27	24.61	67
1972	99	AB	6-10	1	27	24.61	67
1973	99	AB	11-15	1	27	24.61	67
1974	99	AB	16-20	1	27	24.61	67
1975	99	EF	1-1	1	27	24.61	67
1976	99	EF	1-5	1	27	24.61	67
1977	99	EF	6-10	1	27	24.61	67
1978	99	EF	11-15	1	27	24.61	67
1979	99	EF	16-20	1	27	24.61	67
2040	103	GH	1-1	0	24	22.94	58
2041	103	GH	1-5	0	24	22.94	58
2042	103	GH	6-10	0	24	22.94	58
2043	103	GH	11-15	0	24	22.94	58
2044	103	GH	16-20	0	24	22.94	58
2045	103	CD	1-1	0	24	22.94	58
2046	103	CD	1-5	0	24	22.94	58
2047	103	CD	6-10	0	24	22.94	58
2048	103	CD	11-15	0	24	22.94	58
2049	103	CD	16-20	0	24	22.94	58
2050	103	AB	1-1	0	24	22.94	58
2051	103	AB	1-5	0	24	22.94	58
2052	103	AB	6-10	0	24	22.94	58
2053	103	AB	11-15	0	24	22.94	58
2054	103	AB	16-20	0	24	22.94	58
2055	103	EF	1-1	0	24	22.94	58
2056	103	EF	1-5	0	24	22.94	58
2057	103	EF	6-10	0	24	22.94	58
2058	103	EF	11-15	0	24	22.94	58
2059	103	EF	16-20	0	24	22.94	58
2060	104	EF	1-1	0	29	18.83	47
2061	104	EF	1-5	0	29	18.83	47
2062	104	EF	6-10	0	29	18.83	47
2063	104	EF	11-15	0	29	18.83	47
2064	104	EF	16-20	0	29	18.83	47
2065	104	CD	1-1	0	29	18.83	47
2066	104	CD	1-5	0	29	18.83	47
2067	104	CD	6-10	0	29	18.83	47
2068	104	CD	11-15	0	29	18.83	47
2069	104	CD	16-20	0	29	18.83	47
2070	104	GH	1-1	0	29	18.83	47
2071	104	GH	1-5	0	29	18.83	47
2072	104	GH	6-10	0	29	18.83	47
2073	104	GH	11-15	0	29	18.83	47
2074	104	GH	16-20	0	29	18.83	47
2075	104	AB	1-1	0	29	18.83	47
2076	104	AB	1-5	0	29	18.83	47
2077	104	AB	6-10	0	29	18.83	47
2078	104	AB	11-15	0	29	18.83	47
2079	104	AB	16-20	0	29	18.83	47
2140	108	AB	1-1	1	22	19.0	53
2141	108	AB	1-5	1	22	19.0	53
2142	108	AB	6-10	1	22	19.0	53
2143	108	AB	11-15	1	22	19.0	53
2144	108	AB	16-20	1	22	19.0	53
2145	108	EF	1-1	1	22	19.0	53
2146	108	EF	1-5	1	22	19.0	53
2147	108	EF	6-10	1	22	19.0	53
2148	108	EF	11-15	1	22	19.0	53
2149	108	EF	16-20	1	22	19.0	53
2150	108	GH	1-1	1	22	19.0	53
2151	108	GH	1-5	1	22	19.0	53
2152	108	GH	6-10	1	22	19.0	53
2153	108	GH	11-15	1	22	19.0	53
2154	108	GH	16-20	1	22	19.0	53
2155	108	CD	1-1	1	22	19.0	53
2156	108	CD	1-5	1	22	19.0	53
2157	108	CD	6-10	1	22	19.0	53
2158	108	CD	11-15	1	22	19.0	53
2159	108	CD	16-20	1	22	19.0	53
2180	110	GH	1-1	0	21	18.99	48
2181	110	GH	1-5	0	21	18.99	48
2182	110	GH	6-10	0	21	18.99	48
2183	110	GH	11-15	0	21	18.99	48
2184	110	GH	16-20	0	21	18.99	48
2185	110	AB	1-1	0	21	18.99	48
2186	110	AB	1-5	0	21	18.99	48
2187	110	AB	6-10	0	21	18.99	48
2188	110	AB	11-15	0	21	18.99	48
2189	110	AB	16-20	0	21	18.99	48
2190	110	CD	1-1	0	21	18.99	48
2191	110	CD	1-5	0	21	18.99	48
2192	110	CD	6-10	0	21	18.99	48
2193	110	CD	11-15	0	21	18.99	48
2194	110	CD	16-20	0	21	18.99	48
2195	110	EF	1-1	0	21	18.99	48
2196	110	EF	1-5	0	21	18.99	48
2197	110	EF	6-10	0	21	18.99	48
2198	110	EF	11-15	0	21	18.99	48
2199	110	EF	16-20	0	21	18.99	48
2220	112	GH	1-1	0	20	18.96	51
2221	112	GH	1-5	0	20	18.96	51
2222	112	GH	6-10	0	20	18.96	51
2223	112	GH	11-15	0	20	18.96	51
2224	112	GH	16-20	0	20	18.96	51
2225	112	CD	1-1	0	20	18.96	51
2226	112	CD	1-5	0	20	18.96	51
2227	112	CD	6-10	0	20	18.96	51
2228	112	CD	11-15	0	20	18.96	51
2229	112	CD	16-20	0	20	18.96	51
2230	112	AB	1-1	0	20	18.96	51
2231	112	AB	1-5	0	20	18.96	51
2232	112	AB	6-10	0	20	18.96	51
2233	112	AB	11-15	0	20	18.96	51
2234	112	AB	16-20	0	20	18.96	51
2235	112	EF	1-1	0	20	18.96	51
2236	112	EF	1-5	0	20	18.96	51
2237	112	EF	6-10	0	20	18.96	51
2238	112	EF	11-15	0	20	18.96	51
2239	112	EF	16-20	0	20	18.96	51
2240	113	AB	1-1	1	25	23.78	72
2241	113	AB	1-5	1	25	23.78	72
2242	113	AB	6-10	1	25	23.78	72
2243	113	AB	11-15	1	25	23.78	72
2244	113	AB	16-20	1	25	23.78	72
2245	113	EF	1-1	1	25	23.78	72
2246	113	EF	1-5	1	25	23.78	72
2247	113	EF	6-10	1	25	23.78	72
2248	113	EF	11-15	1	25	23.78	72
2249	113	EF	16-20	1	25	23.78	72
2250	113	CD	1-1	1	25	23.78	72
2251	113	CD	1-5	1	25	23.78	72
2252	113	CD	6-10	1	25	23.78	72
2253	113	CD	11-15	1	25	23.78	72
2254	113	CD	16-20	1	25	23.78	72
2255	113	GH	1-1	1	25	23.78	72
2256	113	GH	1-5	1	25	23.78	72
2257	113	GH	6-10	1	25	23.78	72
2258	113	GH	11-15	1	25	23.78	72
2259	113	GH	16-20	1	25	23.78	72
2300	116	EF	1-1	1	24	28.09	89
2301	116	EF	1-5	1	24	28.09	89
2302	116	EF	6-10	1	24	28.09	89
2303	116	EF	11-15	1	24	28.09	89
2304	116	EF	16-20	1	24	28.09	89
2305	116	GH	1-1	1	24	28.09	89
2306	116	GH	1-5	1	24	28.09	89
2307	116	GH	6-10	1	24	28.09	89
2308	116	GH	11-15	1	24	28.09	89
2309	116	GH	16-20	1	24	28.09	89
2310	116	CD	1-1	1	24	28.09	89
2311	116	CD	1-5	1	24	28.09	89
2312	116	CD	6-10	1	24	28.09	89
2313	116	CD	11-15	1	24	28.09	89
2314	116	CD	16-20	1	24	28.09	89
2315	116	AB	1-1	1	24	28.09	89
2316	116	AB	1-5	1	24	28.09	89
2317	116	AB	6-10	1	24	28.09	89
2318	116	AB	11-15	1	24	28.09	89
2319	116	AB	16-20	1	24	28.09	89
2360	119	EF	1-1	0	27	19.2	51
2361	119	EF	1-5	0	27	19.2	51
2362	119	EF	6-10	0	27	19.2	51
2363	119	EF	11-15	0	27	19.2	51
2364	119	EF	16-20	0	27	19.2	51
2365	119	CD	1-1	0	27	19.2	51
2366	119	CD	1-5	0	27	19.2	51
2367	119	CD	6-10	0	27	19.2	51
2368	119	CD	11-15	0	27	19.2	51
2369	119	CD	16-20	0	27	19.2	51
2370	119	AB	1-1	0	27	19.2	51
2371	119	AB	1-5	0	27	19.2	51
2372	119	AB	6-10	0	27	19.2	51
2373	119	AB	11-15	0	27	19.2	51
2374	119	AB	16-20	0	27	19.2	51
2375	119	GH	1-1	0	27	19.2	51
2376	119	GH	1-5	0	27	19.2	51
2377	119	GH	6-10	0	27	19.2	51
2378	119	GH	11-15	0	27	19.2	51
2379	119	GH	16-20	0	27	19.2	51
2420	122	EF	1-1	1	33	25.54	80
2421	122	EF	1-5	1	33	25.54	80
2422	122	EF	6-10	1	33	25.54	80
2423	122	EF	11-15	1	33	25.54	80
2424	122	EF	16-20	1	33	25.54	80
2425	122	AB	1-1	1	33	25.54	80
2426	122	AB	1-5	1	33	25.54	80
2427	122	AB	6-10	1	33	25.54	80
2428	122	AB	11-15	1	33	25.54	80
2429	122	AB	16-20	1	33	25.54	80
2430	122	CD	1-1	1	33	25.54	80
2431	122	CD	1-5	1	33	25.54	80
2432	122	CD	6-10	1	33	25.54	80
2433	122	CD	11-15	1	33	25.54	80
2434	122	CD	16-20	1	33	25.54	80
2435	122	GH	1-1	1	33	25.54	80
2436	122	GH	1-5	1	33	25.54	80
2437	122	GH	6-10	1	33	25.54	80
2438	122	GH	11-15	1	33	25.54	80
2439	122	GH	16-20	1	33	25.54	80
2440	123	GH	1-1	1	26	17.78	52
2441	123	GH	1-5	1	26	17.78	52
2442	123	GH	6-10	1	26	17.78	52
2443	123	GH	11-15	1	26	17.78	52
2444	123	GH	16-20	1	26	17.78	52
2445	123	EF	1-1	1	26	17.78	52
2446	123	EF	1-5	1	26	17.78	52
2447	123	EF	6-10	1	26	17.78	52
2448	123	EF	11-15	1	26	17.78	52
2449	123	EF	16-20	1	26	17.78	52
2450	123	CD	1-1	1	26	17.78	52
2451	123	CD	1-5	1	26	17.78	52
2452	123	CD	6-10	1	26	17.78	52
2453	123	CD	11-15	1	26	17.78	52
2454	123	CD	16-20	1	26	17.78	52
2455	123	AB	1-1	1	26	17.78	52
2456	123	AB	1-5	1	26	17.78	52
2457	123	AB	6-10	1	26	17.78	52
2458	123	AB	11-15	1	26	17.78	52
2459	123	AB	16-20	1	26	17.78	52
2500	126	EF	1-1	0	22	19.6	54
2501	126	EF	1-5	0	22	19.6	54
2502	126	EF	6-10	0	22	19.6	54
2503	126	EF	11-15	0	22	19.6	54
2504	126	EF	16-20	0	22	19.6	54
2505	126	AB	1-1	0	22	19.6	54
2506	126	AB	1-5	0	22	19.6	54
2507	126	AB	6-10	0	22	19.6	54
2508	126	AB	11-15	0	22	19.6	54
2509	126	AB	16-20	0	22	19.6	54
2510	126	GH	1-1	0	22	19.6	54
2511	126	GH	1-5	0	22	19.6	54
2512	126	GH	6-10	0	22	19.6	54
2513	126	GH	11-15	0	22	19.6	54
2514	126	GH	16-20	0	22	19.6	54
2515	126	CD	1-1	0	22	19.6	54
2516	126	CD	1-5	0	22	19.6	54
2517	126	CD	6-10	0	22	19.6	54
2518	126	CD	11-15	0	22	19.6	54
2519	126	CD	16-20	0	22	19.6	54
