row_id	p9_raw
0	
1	
2	
3	
4	
5	25.0
6	
7	
8	
9	
10	
11	
12	
13	
14	
15	
16	
17	
18	
19	
20	
21	
22	
23	
24	
25	
26	
27	24.0
28	
29	
30	23.0
31	23.0
32	23.0
33	
34	
35	
36	
37	
38	
39	
40	28.0
41	28.0
42	28.0
43	28.0
44	28.0
45	27.0
46	27.0
47	27.0
48	27.0
49	28.0
50	26.0
51	26.0
52	25.0
53	26.0
54	
55	
56	
57	
58	
59	
60	
61	
62	
63	22.0
64	23.0
65	23.0
66	23.0
67	
68	23.0
69	23.0
70	
71	
72	
73	24.0
74	24.0
75	24.0
76	24.0
77	24.0
78	24.0
79	24.0
80	
81	
82	
83	
84	21.0
85	
86	
87	
88	
89	
90	
91	
92	
93	
94	
95	21.0
96	21.0
97	22.0
98	22.0
99	
100	
101	23.0
102	23.0
103	
104	
105	
106	
107	
108	
109	
110	22.0
111	22.0
112	22.0
113	
114	
115	
116	
117	
118	
119	22.0
120	24.0
121	24.0
122	25.0
123	24.0
124	24.0
125	
126	
127	
128	24.0
129	24.0
130	24.0
131	24.0
132	24.0
133	
134	
135	24.0
136	24.0
137	24.0
138	24.0
139	24.0
140	
141	
142	
143	
144	26.0
145	30.0
146	30.0
147	30.0
148	30.0
149	25.0
150	
151	
152	
153	
154	
155	
156	
157	
158	30.0
159	30.0
160	21.0
161	20.0
162	20.0
163	
164	
165	21.0
166	21.0
167	21.0
168	21.0
169	
170	21.0
171	21.0
172	21.0
173	21.0
174	21.0
175	21.0
176	21.0
177	21.0
178	21.0
179	
180	24.0
181	24.0
182	24.0
183	24.0
184	24.0
185	
186	
187	
188	
189	
190	
191	
192	
193	24.0
194	24.0
195	
196	
197	24.0
198	
199	
200	24.0
201	24.0
202	24.0
203	25.0
204	
205	24.0
206	
207	
208	
209	
210	
211	
212	
213	
214	
215	
216	
217	25.0
218	25.0
219	25.0
220	24.0
221	24.0
222	24.0
223	24.0
224	24.0
225	24.0
226	24.0
227	24.0
228	24.0
229	24.0
230	24.0
231	24.0
232	24.0
233	24.0
234	24.0
235	24.0
236	24.0
237	24.0
238	24.0
239	24.0
240	23.0
241	24.0
242	24.0
243	23.0
244	
245	22.0
246	22.0
247	22.0
248	24.0
249	25.0
250	26.0
251	27.0
252	27.0
253	23.0
254	24.0
255	22.0
256	22.0
257	22.0
258	22.0
259	22.0
260	21.0
261	21.0
262	21.0
263	23.0
264	23.0
265	
266	
267	
268	
269	23.0
270	21.5
271	22.0
272	22.0
273	
274	21.0
275	
276	
277	
278	
279	22.0
280	24.0
281	24.0
282	24.0
283	24.0
284	24.0
285	24.0
286	24.0
287	24.0
288	24.0
289	24.0
290	24.0
291	24.0
292	24.0
293	24.0
294	24.0
295	
296	
297	
298	25.0
299	25.0
300	23.0
301	24.0
302	24.0
303	24.0
304	23.0
305	23.0
306	23.0
307	23.0
308	
309	21.0
310	
311	23.0
312	23.0
313	23.0
314	23.0
315	
316	24.0
317	24.0
318	24.0
319	24.0
320	27.0
321	28.0
322	28.0
323	28.0
324	27.0
325	27.0
326	28.0
327	28.0
328	27.0
329	27.0
330	27.0
331	27.0
332	28.0
333	27.0
334	28.0
335	27.0
336	27.0
337	27.0
338	27.0
339	27.0
340	19.0
341	20.0
342	19.0
343	19.0
344	19.0
345	18.0
346	18.0
347	19.0
348	19.0
349	19.0
350	20.0
351	20.0
352	20.0
353	19.0
354	18.0
355	18.0
356	19.0
357	19.0
358	19.0
359	19.0
360	20.0
361	20.0
362	23.0
363	
364	22.0
365	
366	
367	22.0
368	24.0
369	22.0
370	24.0
371	24.0
372	26.0
373	
374	
375	
376	24.0
377	25.0
378	25.0
379	26.0
380	23.0
381	24.0
382	25.0
383	25.0
384	25.0
385	25.0
386	24.0
387	25.0
388	24.0
389	24.0
390	25.0
391	25.0
392	25.0
393	25.0
394	25.0
395	25.0
396	25.0
397	25.0
398	25.0
399	25.0
400	
401	25.0
402	25.0
403	25.0
404	25.0
405	
406	26.0
407	26.0
408	27.0
409	27.0
410	27.0
411	27.0
412	27.0
413	27.0
414	26.0
415	
416	25.0
417	24.0
418	
419	
420	
421	26.0
422	26.0
423	25.0
424	26.0
425	24.0
426	24.0
427	22.0
428	26.0
429	26.0
430	25.0
431	26.0
432	26.0
433	27.0
434	28.0
435	26.0
436	26.0
437	26.0
438	26.0
439	25.0
440	20.0
441	20.0
442	20.0
443	22.0
444	23.0
445	23.0
446	24.0
447	24.0
448	24.0
449	24.0
450	24.0
451	24.0
452	24.0
453	24.0
454	24.0
455	25.0
456	25.0
457	25.0
458	24.0
459	24.0
460	20.0
461	21.0
462	21.0
463	21.0
464	23.0
465	23.0
466	23.0
467	24.0
468	25.0
469	25.0
470	25.0
471	25.0
472	25.0
473	25.0
474	25.0
475	25.0
476	25.0
477	25.0
478	26.0
479	25.0
480	22.0
481	22.0
482	22.0
483	22.0
484	
485	22.0
486	22.0
487	22.0
488	
489	
490	
491	
492	
493	23.0
494	23.0
495	23.0
496	23.0
497	23.0
498	
499	0.0
500	24.0
501	24.0
502	25.0
503	26.0
504	26.0
505	22.0
506	21.0
507	
508	
509	25.0
510	25.0
511	26.0
512	26.0
513	24.0
514	24.0
515	25.0
516	25.0
517	26.0
518	24.0
519	
520	
521	23.0
522	24.0
523	
524	
525	
526	
527	
528	
529	
530	
531	
532	
533	
534	25.0
535	
536	
537	
538	
539	
540	24.0
541	24.0
542	24.0
543	24.0
544	24.0
545	22.0
546	21.0
547	
548	21.0
549	23.0
550	25.0
551	25.0
552	26.0
553	26.0
554	24.0
555	24.0
556	24.0
557	24.0
558	24.0
559	26.0
560	23.0
561	25.0
562	25.0
563	24.0
564	21.0
565	21.0
566	21.0
567	21.0
568	21.0
569	21.0
570	25.0
571	25.0
572	25.0
573	23.0
574	23.0
575	22.0
576	22.0
577	23.0
578	24.0
579	25.0
580	25.0
581	25.0
582	24.0
583	24.0
584	24.0
585	24.0
586	25.0
587	25.0
588	25.0
589	24.0
590	25.0
591	25.0
592	25.0
593	25.0
594	25.0
595	25.0
596	25.0
597	25.0
598	25.0
599	25.0
600	24.0
601	24.0
602	24.0
603	24.0
604	24.0
605	24.0
606	24.0
607	24.0
608	24.0
609	24.0
610	24.0
611	24.0
612	24.0
613	24.0
614	24.0
615	24.0
616	24.0
617	24.0
618	24.0
619	24.0
620	26.0
621	26.0
622	28.0
623	30.0
624	25.0
625	26.0
626	22.0
627	22.0
628	19.0
629	22.0
630	22.0
631	23.0
632	23.0
633	25.0
634	22.0
635	26.0
636	25.0
637	
638	18.0
639	
640	22.0
641	22.0
642	
643	23.0
644	24.0
645	20.0
646	21.0
647	20.0
648	23.0
649	24.0
650	25.0
651	25.0
652	25.0
653	23.0
654	24.0
655	24.0
656	25.0
657	25.0
658	25.0
659	25.0
660	
661	23.0
662	23.0
663	
664	23.0
665	
666	23.0
667	
668	
669	23.0
670	24.0
671	25.0
672	25.0
673	
674	
675	
676	
677	24.0
678	23.0
679	25.0
680	20.0
681	20.0
682	20.0
683	20.0
684	
685	
686	
687	
688	
689	
690	
691	
692	
693	
694	
695	
696	
697	
698	
699	
700	22.0
701	22.0
702	22.0
703	22.0
704	24.0
705	25.0
706	25.0
707	24.0
708	24.0
709	
710	
711	
712	
713	24.0
714	24.0
715	
716	
717	
718	
719	
720	23.0
721	23.0
722	23.0
723	24.0
724	24.0
725	
726	
727	
728	24.0
729	24.0
730	
731	
732	
733	
734	
735	24.0
736	24.0
737	24.0
738	24.0
739	
740	
741	
742	
743	
744	
745	
746	
747	
748	
749	
750	
751	
752	
753	
754	
755	
756	
757	
758	
759	
760	
761	25.0
762	25.0
763	26.0
764	25.0
765	25.0
766	25.0
767	25.0
768	
769	
770	
771	
772	
773	25.0
774	25.0
775	26.0
776	26.0
777	26.0
778	25.0
779	
780	23.0
781	24.0
782	24.0
783	24.0
784	24.0
785	24.0
786	24.0
787	24.0
788	24.0
789	24.0
790	24.0
791	24.0
792	24.0
793	24.0
794	24.0
795	24.0
796	24.0
797	24.0
798	24.0
799	24.0
800	24.0
801	22.0
802	22.0
803	20.0
804	20.0
805	20.0
806	20.0
807	18.0
808	22.0
809	22.0
810	22.0
811	22.0
812	22.0
813	22.0
814	22.0
815	20.0
816	20.0
817	20.0
818	22.0
819	22.0
820	
821	
822	
823	
824	
825	
826	22.0
827	23.0
828	
829	
830	
831	
832	
833	22.0
834	21.0
835	25.0
836	26.0
837	26.0
838	24.0
839	24.0
840	24.0
841	25.0
842	25.0
843	25.0
844	26.0
845	24.0
846	25.0
847	25.0
848	26.0
849	26.0
850	26.0
851	26.0
852	26.0
853	26.0
854	25.0
855	27.0
856	26.0
857	26.0
858	26.0
859	26.0
860	21.0
861	21.0
862	21.0
863	22.0
864	22.0
865	21.0
866	21.0
867	21.0
868	21.0
869	21.0
870	21.0
871	21.0
872	21.0
873	21.0
874	21.0
875	25.0
876	24.0
877	24.0
878	24.0
879	24.0
880	25.0
881	23.0
882	25.0
883	
884	
885	
886	
887	
888	
889	25.0
890	
891	
892	
893	
894	
895	
896	
897	26.0
898	
899	
900	26.0
901	26.0
902	26.0
903	25.0
904	25.0
905	26.0
906	26.0
907	26.0
908	27.0
909	27.0
910	27.0
911	28.0
912	27.0
913	27.0
914	27.0
915	27.0
916	27.0
917	
918	
919	27.0
920	23.0
921	23.0
922	23.0
923	24.0
924	
925	24.0
926	26.0
927	26.0
928	26.0
929	26.0
930	26.0
931	26.0
932	26.0
933	26.0
934	26.0
935	26.0
936	26.0
937	26.0
938	26.0
939	26.0
940	27.0
941	27.0
942	27.0
943	
944	
945	
946	
947	
948	
949	
950	
951	
952	
953	
954	27.0
955	26.0
956	26.0
957	26.0
958	
959	
960	24.0
961	24.0
962	24.0
963	24.0
964	24.0
965	24.0
966	24.0
967	24.0
968	24.0
969	24.0
970	24.0
971	24.0
972	24.0
973	24.0
974	24.0
975	
976	
977	
978	
979	
980	25.0
981	25.0
982	25.0
983	25.0
984	25.0
985	23.0
986	22.0
987	23.0
988	24.0
989	25.0
990	24.0
991	24.0
992	25.0
993	24.0
994	24.0
995	24.0
996	24.0
997	24.0
998	24.0
999	23.0
1000	23.0
1001	23.0
1002	24.0
1003	23.0
1004	23.0
1005	24.0
1006	23.0
1007	24.0
1008	24.0
1009	24.0
1010	23.0
1011	24.0
1012	24.0
1013	23.0
1014	24.0
1015	24.0
1016	24.0
1017	24.0
1018	24.0
1019	24.0
1020	
1021	
1022	
1023	20.0
1024	20.0
1025	21.0
1026	21.0
1027	20.0
1028	
1029	
1030	
1031	
1032	
1033	
1034	23.0
1035	
1036	
1037	
1038	
1039	
1040	23.0
1041	24.0
1042	23.0
1043	22.0
1044	22.0
1045	23.0
1046	23.0
1047	24.0
1048	24.0
1049	21.0
1050	22.0
1051	22.0
1052	22.0
1053	22.0
1054	23.0
1055	22.0
1056	23.0
1057	23.0
1058	22.0
1059	23.0
1060	
1061	
1062	
1063	25.0
1064	25.0
1065	25.0
1066	25.0
1067	25.0
1068	24.0
1069	
1070	
1071	
1072	
1073	
1074	25.0
1075	25.0
1076	25.0
1077	25.0
1078	27.0
1079	30.0
1080	23.0
1081	23.0
1082	24.0
1083	25.0
1084	25.0
1085	26.0
1086	26.0
1087	26.0
1088	26.0
1089	26.0
1090	26.0
1091	26.0
1092	26.0
1093	26.0
1094	26.0
1095	26.0
1096	26.0
1097	26.0
1098	26.0
1099	26.0
1100	23.0
1101	23.0
1102	24.0
1103	24.0
1104	24.0
1105	22.0
1106	
1107	
1108	23.0
1109	
1110	
1111	
1112	
1113	23.0
1114	23.0
1115	
1116	24.0
1117	
1118	24.0
1119	24.0
1120	23.0
1121	23.0
1122	23.0
1123	23.0
1124	22.0
1125	22.0
1126	22.0
1127	22.0
1128	23.0
1129	22.0
1130	23.0
1131	22.0
1132	22.0
1133	23.0
1134	23.0
1135	23.0
1136	23.0
1137	23.0
1138	24.0
1139	24.0
1140	23.0
1141	23.0
1142	23.0
1143	23.0
1144	22.0
1145	22.0
1146	23.0
1147	22.0
1148	23.0
1149	23.0
1150	22.0
1151	
1152	21.0
1153	21.0
1154	22.0
1155	23.0
1156	23.0
1157	23.0
1158	23.0
1159	22.0
1160	
1161	
1162	
1163	
1164	
1165	
1166	
1167	
1168	
1169	
1170	
1171	
1172	
1173	
1174	
1175	
1176	
1177	
1178	
1179	
1180	
1181	
1182	
1183	
1184	
1185	
1186	
1187	21.0
1188	
1189	
1190	
1191	21.0
1192	21.0
1193	21.0
1194	21.0
1195	21.0
1196	21.0
1197	21.0
1198	
1199	
1200	24.0
1201	25.0
1202	26.0
1203	26.0
1204	26.0
1205	26.0
1206	25.0
1207	25.0
1208	26.0
1209	26.0
1210	26.0
1211	26.0
1212	26.0
1213	26.0
1214	26.0
1215	26.0
1216	26.0
1217	26.0
1218	26.0
1219	26.0
1220	25.0
1221	25.0
1222	25.0
1223	25.0
1224	25.0
1225	26.0
1226	26.0
1227	26.0
1228	25.0
1229	25.0
1230	25.0
1231	25.0
1232	25.0
1233	25.0
1234	25.0
1235	25.0
1236	25.0
1237	25.0
1238	25.0
1239	25.0
1240	22.0
1241	22.0
1242	22.0
1243	22.0
1244	22.0
1245	22.0
1246	22.0
1247	22.0
1248	22.0
1249	22.0
1250	22.0
1251	22.0
1252	22.0
1253	22.0
1254	22.0
1255	22.0
1256	22.0
1257	22.0
1258	22.0
1259	22.0
1260	24.0
1261	24.0
1262	24.0
1263	24.0
1264	23.0
1265	24.0
1266	23.0
1267	21.0
1268	23.0
1269	23.0
1270	23.0
1271	23.0
1272	23.0
1273	23.0
1274	24.0
1275	24.0
1276	24.0
1277	24.0
1278	24.0
1279	25.0
1280	20.0
1281	21.0
1282	23.0
1283	24.0
1284	24.0
1285	24.0
1286	26.0
1287	25.0
1288	24.0
1289	25.0
1290	25.0
1291	25.0
1292	24.0
1293	24.0
1294	25.0
1295	25.0
1296	25.0
1297	25.0
1298	25.0
1299	25.0
1300	21.0
1301	23.0
1302	24.0
1303	22.0
1304	23.0
1305	21.0
1306	21.0
1307	21.0
1308	21.0
1309	21.0
1310	21.0
1311	21.0
1312	21.0
1313	21.0
1314	21.0
1315	21.0
1316	21.0
1317	21.0
1318	21.0
1319	21.0
1320	20.0
1321	20.0
1322	20.0
1323	20.0
1324	20.0
1325	22.0
1326	20.0
1327	20.0
1328	22.0
1329	20.0
1330	20.0
1331	20.0
1332	20.0
1333	
1334	22.0
1335	22.0
1336	22.0
1337	22.0
1338	22.0
1339	22.0
1340	26.0
1341	26.0
1342	26.0
1343	26.0
1344	26.0
1345	26.0
1346	26.0
1347	27.0
1348	26.0
1349	26.0
1350	26.0
1351	26.0
1352	26.0
1353	26.0
1354	26.0
1355	26.0
1356	26.0
1357	26.0
1358	26.0
1359	26.0
1360	26.0
1361	27.0
1362	27.0
1363	27.0
1364	27.0
1365	27.0
1366	27.0
1367	27.0
1368	27.0
1369	27.0
1370	27.0
1371	27.0
1372	27.0
1373	27.0
1374	27.0
1375	28.0
1376	28.0
1377	28.0
1378	27.0
1379	28.0
1380	24.0
1381	25.0
1382	
1383	
1384	
1385	
1386	
1387	
1388	25.0
1389	25.0
1390	25.0
1391	25.0
1392	25.0
1393	25.0
1394	25.0
1395	25.0
1396	25.0
1397	26.0
1398	25.0
1399	26.0
1400	22.0
1401	
1402	
1403	22.0
1404	23.0
1405	24.0
1406	24.0
1407	25.0
1408	
1409	
1410	23.0
1411	23.0
1412	
1413	
1414	
1415	
1416	
1417	
1418	
1419	
1420	25.0
1421	25.0
1422	25.0
1423	25.0
1424	25.0
1425	
1426	25.0
1427	25.0
1428	25.0
1429	25.0
1430	25.0
1431	25.0
1432	25.0
1433	
1434	
1435	
1436	
1437	
1438	
1439	
1440	23.0
1441	23.0
1442	23.0
1443	23.0
1444	23.0
1445	23.0
1446	23.0
1447	23.0
1448	23.0
1449	23.0
1450	23.0
1451	23.0
1452	23.0
1453	23.0
1454	23.0
1455	23.0
1456	23.0
1457	23.0
1458	23.0
1459	23.0
1460	22.0
1461	22.0
1462	22.0
1463	22.0
1464	21.0
1465	24.0
1466	24.0
1467	23.0
1468	22.0
1469	22.0
1470	22.0
1471	22.0
1472	22.0
1473	23.0
1474	23.0
1475	24.0
1476	22.0
1477	22.0
1478	24.0
1479	25.0
1480	22.0
1481	22.0
1482	22.0
1483	22.0
1484	22.0
1485	25.0
1486	25.0
1487	25.0
1488	25.0
1489	25.0
1490	25.0
1491	25.0
1492	25.0
1493	25.0
1494	25.0
1495	25.0
1496	25.0
1497	25.0
1498	25.0
1499	26.0
1500	25.0
1501	25.0
1502	27.0
1503	25.0
1504	24.0
1505	26.0
1506	26.0
1507	26.0
1508	26.0
1509	26.0
1510	24.0
1511	24.0
1512	24.0
1513	25.0
1514	26.0
1515	26.0
1516	26.0
1517	26.0
1518	26.0
1519	25.0
1520	
1521	
1522	
1523	
1524	26.0
1525	26.0
1526	26.0
1527	26.0
1528	
1529	
1530	
1531	
1532	
1533	
1534	
1535	
1536	
1537	
1538	
1539	
1540	25.0
1541	25.0
1542	25.0
1543	24.0
1544	24.0
1545	24.0
1546	24.0
1547	24.0
1548	25.0
1549	25.0
1550	25.0
1551	25.0
1552	25.0
1553	24.0
1554	24.0
1555	25.0
1556	25.0
1557	25.0
1558	25.0
1559	25.0
1560	
1561	
1562	
1563	
1564	25.0
1565	
1566	
1567	
1568	
1569	
1570	
1571	
1572	
1573	
1574	
1575	25.0
1576	25.0
1577	25.0
1578	25.0
1579	25.0
1580	22.0
1581	22.0
1582	22.0
1583	22.0
1584	21.0
1585	21.0
1586	21.0
1587	22.0
1588	21.0
1589	21.0
1590	22.0
1591	23.0
1592	22.0
1593	23.0
1594	23.0
1595	23.0
1596	23.0
1597	23.0
1598	23.0
1599	22.0
1600	21.0
1601	22.0
1602	21.0
1603	21.0
1604	20.0
1605	21.0
1606	20.0
1607	20.0
1608	21.0
1609	21.0
1610	23.0
1611	23.0
1612	23.0
1613	22.0
1614	21.0
1615	20.0
1616	20.0
1617	20.0
1618	21.0
1619	21.0
1620	23.0
1621	23.0
1622	21.0
1623	22.0
1624	24.0
1625	25.0
1626	25.0
1627	25.0
1628	24.0
1629	24.0
1630	24.0
1631	25.0
1632	25.0
1633	24.0
1634	25.0
1635	24.0
1636	24.0
1637	25.0
1638	25.0
1639	25.0
1640	23.0
1641	23.0
1642	22.0
1643	22.0
1644	22.0
1645	22.0
1646	22.0
1647	22.0
1648	23.0
1649	23.0
1650	23.0
1651	22.0
1652	22.0
1653	23.0
1654	23.0
1655	23.0
1656	23.0
1657	23.0
1658	22.0
1659	22.0
1660	23.0
1661	22.0
1662	21.0
1663	22.0
1664	21.0
1665	21.0
1666	21.0
1667	21.0
1668	21.0
1669	21.0
1670	21.0
1671	21.0
1672	21.0
1673	22.0
1674	23.0
1675	24.0
1676	24.0
1677	24.0
1678	24.0
1679	23.0
1680	16.0
1681	16.0
1682	18.0
1683	16.0
1684	18.0
1685	20.0
1686	21.0
1687	24.0
1688	20.0
1689	20.0
1690	20.0
1691	20.0
1692	20.0
1693	20.0
1694	20.0
1695	20.0
1696	20.0
1697	20.0
1698	20.0
1699	20.0
1700	25.0
1701	25.0
1702	25.0
1703	26.0
1704	26.0
1705	27.0
1706	26.0
1707	26.0
1708	27.0
1709	27.0
1710	27.0
1711	27.0
1712	27.0
1713	27.0
1714	27.0
1715	27.0
1716	27.0
1717	27.0
1718	27.0
1719	27.0
1720	26.0
1721	26.0
1722	27.0
1723	25.0
1724	24.0
1725	24.0
1726	23.0
1727	24.0
1728	25.0
1729	25.0
1730	25.0
1731	26.0
1732	25.0
1733	24.0
1734	24.0
1735	25.0
1736	25.0
1737	25.0
1738	26.0
1739	26.0
1740	23.0
1741	22.0
1742	23.0
1743	23.0
1744	22.0
1745	
1746	23.0
1747	23.0
1748	23.0
1749	24.0
1750	24.0
1751	24.0
1752	24.0
1753	
1754	24.0
1755	23.0
1756	23.0
1757	22.0
1758	
1759	
1760	25.0
1761	24.0
1762	23.0
1763	24.0
1764	25.0
1765	25.0
1766	26.0
1767	25.0
1768	25.0
1769	25.0
1770	26.0
1771	26.0
1772	26.0
1773	25.0
1774	25.0
1775	25.0
1776	26.0
1777	26.0
1778	26.0
1779	26.0
1780	22.0
1781	22.0
1782	23.0
1783	22.0
1784	22.0
1785	24.0
1786	23.0
1787	23.0
1788	23.0
1789	23.0
1790	23.0
1791	24.0
1792	24.0
1793	24.0
1794	23.0
1795	24.0
1796	23.0
1797	24.0
1798	24.0
1799	24.0
1800	24.0
1801	24.0
1802	23.0
1803	24.0
1804	24.0
1805	24.0
1806	24.0
1807	23.0
1808	24.0
1809	24.0
1810	24.0
1811	24.0
1812	25.0
1813	24.0
1814	25.0
1815	25.0
1816	25.0
1817	25.0
1818	25.0
1819	25.0
1820	
1821	
1822	
1823	
1824	
1825	
1826	
1827	
1828	
1829	
1830	
1831	
1832	
1833	
1834	
1835	23.0
1836	24.0
1837	24.0
1838	
1839	
1840	23.0
1841	22.0
1842	22.0
1843	21.0
1844	22.0
1845	22.0
1846	23.0
1847	23.0
1848	23.0
1849	23.0
1850	23.0
1851	24.0
1852	23.0
1853	23.0
1854	22.0
1855	23.0
1856	23.0
1857	22.0
1858	23.0
1859	23.0
1860	26.0
1861	26.0
1862	27.0
1863	27.0
1864	27.0
1865	27.0
1866	28.0
1867	28.0
1868	28.0
1869	27.0
1870	27.0
1871	28.0
1872	28.0
1873	
1874	
1875	
1876	
1877	
1878	
1879	28.0
1880	
1881	
1882	
1883	
1884	
1885	21.0
1886	21.0
1887	22.0
1888	22.0
1889	21.0
1890	
1891	
1892	
1893	
1894	
1895	
1896	
1897	
1898	
1899	
1900	20.0
1901	20.0
1902	23.0
1903	23.0
1904	22.0
1905	22.0
1906	21.0
1907	22.0
1908	23.0
1909	21.0
1910	22.0
1911	22.0
1912	22.0
1913	22.0
1914	22.0
1915	22.0
1916	22.0
1917	23.0
1918	22.0
1919	22.0
1920	25.0
1921	24.0
1922	24.0
1923	25.0
1924	25.0
1925	25.0
1926	25.0
1927	25.0
1928	25.0
1929	25.0
1930	25.0
1931	25.0
1932	25.0
1933	25.0
1934	25.0
1935	25.0
1936	25.0
1937	25.0
1938	25.0
1939	25.0
1940	24.0
1941	24.0
1942	20.0
1943	21.0
1944	20.0
1945	20.0
1946	22.0
1947	20.0
1948	24.0
1949	24.0
1950	24.0
1951	24.0
1952	24.0
1953	24.0
1954	24.0
1955	24.0
1956	25.0
1957	24.0
1958	24.0
1959	24.0
1960	25.0
1961	26.0
1962	26.0
1963	26.0
1964	26.0
1965	24.0
1966	24.0
1967	24.0
1968	24.0
1969	25.0
1970	24.0
1971	24.0
1972	24.0
1973	25.0
1974	25.0
1975	24.0
1976	24.0
1977	24.0
1978	24.0
1979	24.0
1980	21.0
1981	21.0
1982	23.0
1983	22.0
1984	25.0
1985	27.0
1986	26.0
1987	27.0
1988	25.0
1989	24.0
1990	25.0
1991	25.0
1992	26.0
1993	25.0
1994	26.0
1995	27.0
1996	28.0
1997	28.0
1998	28.0
1999	25.0
2000	22.0
2001	22.0
2002	22.0
2003	
2004	
2005	
2006	22.0
2007	
2008	
2009	
2010	22.0
2011	21.0
2012	22.0
2013	
2014	23.0
2015	22.0
2016	22.0
2017	22.0
2018	22.0
2019	22.0
2020	23.0
2021	23.0
2022	
2023	
2024	
2025	
2026	
2027	
2028	23.0
2029	23.0
2030	24.0
2031	24.0
2032	24.0
2033	24.0
2034	25.0
2035	25.0
2036	24.0
2037	25.0
2038	25.0
2039	
2040	25.0
2041	
2042	
2043	
2044	
2045	25.0
2046	25.0
2047	25.0
2048	24.0
2049	25.0
2050	
2051	25.0
2052	25.0
2053	25.0
2054	25.0
2055	25.0
2056	25.0
2057	25.0
2058	
2059	
2060	
2061	
2062	
2063	
2064	23.0
2065	25.0
2066	26.0
2067	26.0
2068	26.0
2069	26.0
2070	26.0
2071	26.0
2072	26.0
2073	
2074	25.0
2075	27.0
2076	27.0
2077	27.0
2078	27.0
2079	26.0
2080	
2081	
2082	
2083	
2084	
2085	
2086	
2087	
2088	
2089	23.0
2090	24.0
2091	24.0
2092	24.0
2093	24.0
2094	
2095	
2096	
2097	
2098	
2099	
2100	23.0
2101	22.0
2102	21.0
2103	23.0
2104	23.0
2105	21.0
2106	21.0
2107	20.0
2108	21.0
2109	21.0
2110	22.0
2111	22.0
2112	23.0
2113	22.0
2114	23.0
2115	23.0
2116	23.0
2117	23.0
2118	23.0
2119	23.0
2120	21.0
2121	21.0
2122	21.0
2123	21.0
2124	21.0
2125	21.0
2126	21.0
2127	21.0
2128	21.0
2129	21.0
2130	21.0
2131	21.0
2132	21.0
2133	21.0
2134	21.0
2135	21.0
2136	21.0
2137	21.0
2138	21.0
2139	
2140	25.0
2141	25.0
2142	25.0
2143	25.0
2144	25.0
2145	25.0
2146	25.0
2147	25.0
2148	25.0
2149	25.0
2150	25.0
2151	25.0
2152	25.0
2153	25.0
2154	25.0
2155	25.0
2156	26.0
2157	26.0
2158	25.0
2159	25.0
2160	25.0
2161	25.0
2162	25.0
2163	25.0
2164	26.0
2165	25.0
2166	24.0
2167	24.0
2168	26.0
2169	25.0
2170	26.0
2171	26.0
2172	
2173	25.0
2174	
2175	27.0
2176	27.0
2177	27.0
2178	30.0
2179	26.0
2180	21.0
2181	21.0
2182	20.0
2183	21.0
2184	22.0
2185	21.0
2186	22.0
2187	22.0
2188	22.0
2189	22.0
2190	22.0
2191	22.0
2192	22.0
2193	22.0
2194	22.0
2195	22.0
2196	22.0
2197	22.0
2198	23.0
2199	22.0
2200	
2201	
2202	
2203	
2204	
2205	
2206	
2207	
2208	
2209	
2210	
2211	
2212	
2213	
2214	
2215	
2216	
2217	
2218	
2219	
2220	22.0
2221	21.0
2222	21.0
2223	21.0
2224	21.0
2225	24.0
2226	24.0
2227	24.0
2228	26.0
2229	26.0
2230	24.0
2231	24.0
2232	24.0
2233	24.0
2234	24.0
2235	24.0
2236	
2237	
2238	24.0
2239	24.0
2240	26.0
2241	26.0
2242	26.0
2243	26.0
2244	26.0
2245	26.0
2246	26.0
2247	26.0
2248	26.0
2249	26.0
2250	27.0
2251	27.0
2252	27.0
2253	26.0
2254	26.0
2255	25.0
2256	24.0
2257	25.0
2258	25.0
2259	26.0
2260	
2261	
2262	
2263	
2264	
2265	
2266	
2267	
2268	
2269	
2270	23.0
2271	23.0
2272	23.0
2273	
2274	
2275	23.0
2276	23.0
2277	23.0
2278	
2279	
2280	25.0
2281	25.0
2282	25.0
2283	25.0
2284	24.0
2285	25.0
2286	23.0
2287	24.0
2288	24.0
2289	24.0
2290	24.0
2291	24.0
2292	24.0
2293	24.0
2294	25.0
2295	26.0
2296	26.0
2297	25.0
2298	25.0
2299	26.0
2300	25.0
2301	25.0
2302	25.0
2303	25.0
2304	25.0
2305	25.0
2306	25.0
2307	25.0
2308	25.0
2309	25.0
2310	25.0
2311	25.0
2312	25.0
2313	25.0
2314	25.0
2315	25.0
2316	25.0
2317	25.0
2318	25.0
2319	25.0
2320	22.0
2321	22.0
2322	22.0
2323	23.0
2324	23.0
2325	
2326	
2327	
2328	
2329	21.0
2330	
2331	22.0
2332	22.0
2333	
2334	23.0
2335	
2336	22.0
2337	23.0
2338	23.0
2339	22.0
2340	
2341	
2342	
2343	20.0
2344	20.0
2345	21.0
2346	21.0
2347	21.0
2348	21.0
2349	21.0
2350	20.0
2351	20.0
2352	21.0
2353	
2354	
2355	
2356	21.0
2357	21.0
2358	
2359	
2360	24.0
2361	24.0
2362	24.0
2363	24.0
2364	24.0
2365	24.0
2366	24.0
2367	25.0
2368	24.0
2369	24.0
2370	24.0
2371	24.0
2372	24.0
2373	24.0
2374	24.0
2375	24.0
2376	24.0
2377	24.0
2378	25.0
2379	25.0
2380	21.0
2381	21.0
2382	21.0
2383	23.0
2384	23.0
2385	25.0
2386	26.0
2387	25.0
2388	21.0
2389	21.0
2390	21.0
2391	21.0
2392	21.0
2393	21.0
2394	23.0
2395	23.0
2396	23.0
2397	23.0
2398	23.0
2399	23.0
2400	27.0
2401	
2402	
2403	
2404	
2405	
2406	
2407	
2408	
2409	
2410	25.0
2411	25.0
2412	26.0
2413	
2414	
2415	
2416	
2417	
2418	
2419	
2420	20.0
2421	21.0
2422	21.0
2423	23.0
2424	22.0
2425	22.0
2426	21.0
2427	22.0
2428	22.0
2429	22.0
2430	22.0
2431	22.0
2432	22.0
2433	22.0
2434	22.0
2435	22.0
2436	22.0
2437	22.0
2438	22.0
2439	22.0
2440	22.0
2441	22.0
2442	22.0
2443	23.0
2444	23.0
2445	23.0
2446	23.0
2447	23.0
2448	23.0
2449	23.0
2450	24.0
2451	24.0
2452	24.0
2453	23.0
2454	24.0
2455	24.0
2456	24.0
2457	24.0
2458	24.0
2459	24.0
2460	
2461	
2462	
2463	26.0
2464	26.0
2465	25.0
2466	26.0
2467	26.0
2468	
2469	
2470	
2471	26.0
2472	26.0
2473	
2474	
2475	
2476	
2477	
2478	25.0
2479	26.0
2480	25.0
2481	
2482	24.0
2483	22.0
2484	22.0
2485	22.0
2486	23.0
2487	21.0
2488	22.0
2489	22.0
2490	23.0
2491	23.0
2492	23.0
2493	23.0
2494	23.0
2495	24.0
2496	24.0
2497	23.0
2498	23.0
2499	23.0
2500	24.0
2501	24.0
2502	24.0
2503	23.0
2504	24.0
2505	24.0
2506	22.0
2507	24.0
2508	22.0
2509	24.0
2510	22.0
2511	22.0
2512	24.0
2513	25.0
2514	24.0
2515	25.0
2516	24.0
2517	26.0
2518	25.0
2519	23.0
2520	26.0
2521	
2522	
2523	
2524	
2525	
2526	28.0
2527	28.0
2528	28.0
2529	28.0
2530	
2531	
2532	28.0
2533	
2534	
2535	28.0
2536	30.0
2537	30.0
2538	28.0
2539	
2540	26.0
2541	26.0
2542	26.0
2543	27.0
2544	27.0
2545	27.0
2546	27.0
2547	26.0
2548	27.0
2549	26.0
2550	27.0
2551	27.0
2552	26.0
2553	27.0
2554	26.0
2555	26.0
2556	25.0
2557	25.0
2558	25.0
2559	25.0
