subject,sex,age,weight_kg,height_m,desired_setpoints_c
7,0,23,51,1.549922885657,24;24;25;24;24;NA;NA;NA;24;24;24;24;24;NA;NA;24;24;24;24;24
12,1,21,70,1.800205749558,24;24;24;24;24;24;24;24;24;24;24;24;24;24;24;24;24;24;24;24
14,0,25,56,1.710053210966,21;21;21;23;23;NA;NA;NA;NA;23;21.5;22;22;NA;21;NA;NA;NA;NA;22
15,0,20,51,1.640083356943,24;24;24;24;24;24;24;24;24;24;24;24;24;24;24;NA;NA;NA;25;25
18,1,24,67,1.729857602434,19;20;19;19;19;18;18;19;19;19;20;20;20;19;18;18;19;19;19;19
19,1,27,78,1.740100661042,20;20;23;NA;22;NA;NA;22;24;22;24;24;26;NA;NA;NA;24;25;25;26
20,1,19,70,1.709963920142,23;24;25;25;25;25;24;25;24;24;25;25;25;25;25;25;25;25;25;25
23,0,27,56,1.649973114496,20;20;20;22;23;23;24;24;24;24;24;24;24;24;24;25;25;25;24;24
24,0,25,38,1.549846042678,20;21;21;21;23;23;23;24;25;25;25;25;25;25;25;25;25;25;26;25
26,1,23,90,1.679940867122,24;24;25;26;26;22;21;NA;NA;25;25;26;26;24;24;25;25;26;24;NA
30,0,28,55,1.550095474730,25;25;24;24;24;24;25;25;25;24;25;25;25;25;25;25;25;25;25;25
33,1,24,93,1.789855441331,22;22;NA;23;24;20;21;20;23;24;25;25;25;23;24;24;25;25;25;25
34,1,21,78,1.730055739745,NA;23;23;NA;23;NA;23;NA;NA;23;24;25;25;NA;NA;NA;NA;24;23;25
37,0,22,52,1.600098470628,23;23;23;24;24;NA;NA;NA;24;24;NA;NA;NA;NA;NA;24;24;24;24;NA
39,0,23,56,1.619932079986,NA;25;25;26;25;25;25;25;NA;NA;NA;NA;NA;25;25;26;26;26;25;NA
40,0,20,55,1.630032156406,23;24;24;24;24;24;24;24;24;24;24;24;24;24;24;24;24;24;24;24
41,1,28,93,1.819880713664,24;22;22;20;20;20;20;18;22;22;22;22;22;22;22;20;20;20;22;22
43,1,23,83,1.770101079923,24;25;25;25;26;24;25;25;26;26;26;26;26;26;25;27;26;26;26;26
44,1,25,99,1.720103695841,21;21;21;22;22;21;21;21;21;21;21;21;21;21;21;25;24;24;24;24
46,0,23,52,1.650003966360,26;26;26;25;25;26;26;26;27;27;27;28;27;27;27;27;27;NA;NA;27
48,0,25,59,1.650047894034,27;27;27;NA;NA;NA;NA;NA;NA;NA;NA;NA;NA;NA;27;26;26;26;NA;NA
50,1,26,61,1.739912436118,25;25;25;25;25;23;22;23;24;25;24;24;25;24;24;24;24;24;24;23
51,1,25,57,1.679816114406,23;23;24;23;23;24;23;24;24;24;23;24;24;23;24;24;24;24;24;24
53,0,21,57,1.659805435615,23;24;23;22;22;23;23;24;24;21;22;22;22;22;23;22;23;23;22;23
54,0,23,55,1.639965412003,NA;NA;NA;25;25;25;25;25;24;NA;NA;NA;NA;NA;25;25;25;25;27;30
55,0,22,58,1.719789131198,23;23;24;25;25;26;26;26;26;26;26;26;26;26;26;26;26;26;26;26
57,1,23,77,1.710093802328,23;23;23;23;22;22;22;22;23;22;23;22;22;23;23;23;23;23;24;24
58,1,27,78,1.730055739745,23;23;23;23;22;22;23;22;23;23;22;NA;21;21;22;23;23;23;23;22
61,0,25,50,1.620083922521,24;25;26;26;26;26;25;25;26;26;26;26;26;26;26;26;26;26;26;26
62,0,21,62,1.700130256905,25;25;25;25;25;26;26;26;25;25;25;25;25;25;25;25;25;25;25;25
65,1,21,75,1.749992708379,20;21;23;24;24;24;26;25;24;25;25;25;24;24;25;25;25;25;25;25
67,1,24,70,1.830104449656,20;20;20;20;20;22;20;20;22;20;20;20;20;NA;22;22;22;22;22;22
68,1,26,66,1.759868601383,26;26;26;26;26;26;26;27;26;26;26;26;26;26;26;26;26;26;26;26
71,0,23,50,1.600051202458,22;NA;NA;22;23;24;24;25;NA;NA;23;23;NA;NA;NA;NA;NA;NA;NA;NA
72,0,23,50,1.620083922521,25;25;25;25;25;NA;25;25;25;25;25;25;25;NA;NA;NA;NA;NA;NA;NA
73,1,26,82,1.710085881835,23;23;23;23;23;23;23;23;23;23;23;23;23;23;23;23;23;23;23;23
75,1,22,50,1.649796675089,22;22;22;22;22;25;25;25;25;25;25;25;25;25;25;25;25;25;25;26
76,1,24,70,1.820116855253,25;25;27;25;24;26;26;26;26;26;24;24;24;25;26;26;26;26;26;25
78,0,23,61,1.629967614736,25;25;25;24;24;24;24;24;25;25;25;25;25;24;24;25;25;25;25;25
80,0,20,60,1.649946377614,22;22;22;22;21;21;21;22;21;21;22;23;22;23;23;23;23;23;23;22
81,1,25,65,1.739965575791,21;22;21;21;20;21;20;20;21;21;23;23;23;22;21;20;20;20;21;21
82,1,30,78,1.790140072466,23;23;21;22;24;25;25;25;24;24;24;25;25;24;25;24;24;25;25;25
83,1,26,64,1.689931334732,23;23;22;22;22;22;22;22;23;23;23;22;22;23;23;23;23;23;22;22
84,1,22,66,1.780030045003,23;22;21;22;21;21;21;21;21;21;21;21;21;22;23;24;24;24;24;23
87,0,22,48,1.629827128651,26;26;27;25;24;24;23;24;25;25;25;26;25;24;24;25;25;25;26;26
89,1,21,71,1.789963999396,25;24;23;24;25;25;26;25;25;25;26;26;26;25;25;25;26;26;26;26
90,1,33,74,1.679962223977,22;22;23;22;22;24;23;23;23;23;23;24;24;24;23;24;23;24;24;24
94,0,20,62,1.599958711276,26;26;27;27;27;27;28;28;28;27;27;28;28;NA;NA;NA;NA;NA;NA;28
97,1,27,66,1.750041431396,25;24;24;25;25;25;25;25;25;25;25;25;25;25;25;25;25;25;25;25
98,1,21,83,1.760162196877,24;24;20;21;20;20;22;20;24;24;24;24;24;24;24;24;25;24;24;24
99,1,27,67,1.649991072834,25;26;26;26;26;24;24;24;24;25;24;24;24;25;25;24;24;24;24;24
103,0,24,58,1.590073830487,25;NA;NA;NA;NA;25;25;25;24;25;NA;25;25;25;25;25;25;25;NA;NA
104,0,29,47,1.579878790970,NA;NA;NA;NA;23;25;26;26;26;26;26;26;26;NA;25;27;27;27;27;26
108,1,22,53,1.670171752908,25;25;25;25;25;25;25;25;25;25;25;25;25;25;25;25;26;26;25;25
110,0,21,48,1.589857267034,21;21;20;21;22;21;22;22;22;22;22;22;22;22;22;22;22;22;23;22
112,0,20,51,1.640083356943,22;21;21;21;21;24;24;24;26;26;24;24;24;24;24;24;NA;NA;24;24
113,1,25,72,1.740044371697,26;26;26;26;26;26;26;26;26;26;27;27;27;26;26;25;24;25;25;26
116,1,24,89,1.779996440011,25;25;25;25;25;25;25;25;25;25;25;25;25;25;25;25;25;25;25;25
119,0,27,51,1.629800601301,24;24;24;24;24;24;24;25;24;24;24;24;24;24;24;24;24;24;25;25
122,1,33,80,1.769842203479,20;21;21;23;22;22;21;22;22;22;22;22;22;22;22;22;22;22;22;22
123,1,26,52,1.710156256223,22;22;22;23;23;23;23;23;23;23;24;24;24;23;24;24;24;24;24;24
126,0,22,54,1.659850005517,24;24;24;23;24;24;22;24;22;24;22;22;24;25;24;25;24;26;25;23
